Week,SST,SSTA,SST,SSTA,SST,SSTA,SST,SSTA
1990/1/3,23.4,-0.4,25.1,-0.3,26.6,0,28.6,0.3
1990/1/4,23.4,-0.8,25.2,-0.3,26.6,0.1,28.6,0.3
1990/1/5,24.2,-0.3,25.3,-0.3,26.5,-0.1,28.6,0.3
1990/1/6,24.4,-0.5,25.5,-0.4,26.5,-0.1,28.4,0.2
1990/1/7,25.1,-0.2,25.8,-0.2,26.7,0.1,28.4,0.2
1990/1/8,25.8,0.2,26.1,-0.1,26.8,0.1,28.4,0.3
1990/1/9,25.9,-0.1,26.4,0,26.9,0.2,28.5,0.4
1990/1/10,26.1,-0.1,26.7,0.2,27.1,0.3,28.9,0.8
1990/1/11,26.1,-0.2,26.7,-0.1,27.2,0.3,29,0.8
1990/1/12,26.7,0.3,26.7,-0.2,27.3,0.2,28.9,0.7
1990/1/13,26.1,-0.4,26.9,-0.2,27.3,0.1,28.6,0.4
1990/1/14,26.1,-0.2,27.2,0,27.6,0.3,28.7,0.5
1990/1/15,25.7,-0.4,27.5,0.2,27.8,0.3,28.8,0.5
1990/1/16,25.6,-0.3,27.6,0.3,27.9,0.4,28.8,0.4
1990/1/17,25.1,-0.6,27.6,0.2,27.9,0.2,28.8,0.3
1990/1/18,25.3,0,27.7,0.2,28,0.2,28.9,0.4
1990/1/19,25.1,0,27.8,0.4,28.2,0.4,29.2,0.6
1990/1/20,24.6,-0.2,27.6,0.3,28.1,0.3,29,0.4
1990/1/21,24.2,-0.2,27.5,0.3,28.1,0.3,28.9,0.2
1990/1/22,24.3,0.1,27.4,0.3,28,0.2,28.8,0.1
1990/1/23,23.7,-0.2,27.2,0.2,28.1,0.3,29,0.2
1990/1/24,23.4,-0.1,27.1,0.3,27.9,0.2,28.9,0.1
1990/1/25,23.2,0,26.7,0.1,27.7,0,28.9,0.1
1990/1/26,22.8,-0.2,26.6,0.1,27.7,0,29,0.1
1990/1/27,22.5,-0.1,26.4,0,27.5,-0.1,29,0.1
1990/1/28,22.1,-0.3,26,-0.1,27.3,-0.2,28.9,0.1
1990/1/29,21.7,-0.4,25.8,-0.2,27.3,-0.1,28.9,0.1
1990/1/30,21.3,-0.5,25.4,-0.3,27.2,-0.1,28.8,0
1990/1/31,21,-0.5,25.7,0.1,27.4,0.2,29.1,0.3
1990/2/1,20.2,-1.1,25.1,-0.4,27.3,0.1,29.1,0.3
1990/2/2,20.6,-0.6,25.1,-0.2,27.1,0.1,29,0.3
1990/2/3,20.4,-0.5,25.2,0.1,27.2,0.3,29.3,0.6
1990/2/4,20.4,-0.3,25.1,0.1,27,0.2,29.2,0.5
1990/2/5,19.8,-0.7,24.9,0,27,0.2,29.2,0.5
1990/2/6,20.2,-0.3,25,0.1,26.9,0.2,29,0.4
1990/2/7,19.7,-0.8,24.9,0,26.7,0,28.9,0.3
1990/2/8,20.1,-0.3,24.7,-0.2,26.7,0,29.1,0.4
1990/2/9,20.3,-0.1,24.9,0.1,26.8,0,29.1,0.4
1990/2/10,20.3,-0.2,24.8,-0.1,26.7,0,29,0.3
1990/2/11,20.8,0.1,25.1,0.2,26.9,0.2,29.2,0.5
1990/2/12,20.1,-0.6,24.9,0,27,0.3,29.1,0.5
1990/2/13,20.3,-0.6,24.9,0,27,0.3,29.3,0.6
1990/2/14,20.1,-0.9,24.9,-0.1,27,0.4,29.3,0.6
1990/2/15,20.2,-1,24.7,-0.2,26.9,0.2,29.2,0.6
1990/2/16,20.5,-0.8,25,0.1,27,0.3,29.1,0.5
1990/2/17,20.8,-0.8,24.8,-0.1,26.7,0,29,0.4
1990/2/18,20.9,-0.9,24.6,-0.4,26.6,0,29,0.4
1990/2/19,21.5,-0.6,24.8,-0.3,26.5,-0.1,28.9,0.4
1990/2/20,22.2,-0.2,25.2,0.1,26.9,0.3,29.2,0.7
1990/2/21,22.1,-0.5,25,-0.1,26.8,0.3,29.3,0.8
1990/2/22,22.2,-0.8,24.9,-0.3,26.9,0.4,29.2,0.7
1990/2/23,23.3,0,25.3,0,27,0.4,29,0.6
1990/2/24,23.2,-0.5,25.3,-0.1,26.9,0.4,28.9,0.5
1990/2/25,23.5,-0.6,25.4,-0.1,27,0.4,29.1,0.8
1990/2/26,23.7,-0.7,25.7,0.1,27,0.5,29,0.8
1990/2/27,24.2,-0.6,25.8,0,27.1,0.5,29,0.8
1990/2/28,24.7,-0.5,26,0,27,0.3,28.9,0.7
1990/3/1,25.4,-0.2,26.1,0,27,0.3,28.8,0.6
1990/3/2,26,0,26.3,0,27,0.3,28.8,0.7
1990/3/3,26.5,0.3,26.3,-0.2,26.9,0.1,28.7,0.6
1990/3/4,26.5,0.2,26.5,-0.2,26.8,-0.1,28.5,0.4
1990/3/5,26.5,0.2,26.6,-0.3,26.8,-0.2,28.5,0.3
1990/3/6,26.8,0.4,27,-0.1,27.1,-0.1,28.5,0.3
1990/3/7,26.6,0.2,27.1,-0.1,27.4,0.1,28.6,0.4
1990/3/8,26.2,0.1,27.4,0.1,27.7,0.3,28.9,0.6
1990/3/9,25.8,-0.1,27.3,0,27.8,0.2,28.9,0.5
1990/3/10,25.2,-0.5,27,-0.4,27.8,0.1,29.1,0.7
1990/3/11,24.9,-0.5,27.5,0,28.2,0.4,29.2,0.7
1990/3/12,24.3,-0.8,27.4,0,28.1,0.3,29.2,0.6
1990/3/13,24.6,-0.2,27.6,0.4,28.1,0.3,29.1,0.4
1990/3/14,24.4,-0.2,27.5,0.3,28.3,0.5,29.3,0.6
1990/3/15,24.5,0.2,27.5,0.4,28.4,0.5,29.5,0.7
1990/3/16,24.3,0.4,27.7,0.7,28.5,0.7,29.5,0.7
1990/3/17,24.2,0.5,27.6,0.8,28.5,0.7,29.5,0.7
1990/3/18,23.7,0.4,27.5,0.8,28.3,0.6,29.3,0.5
1990/3/19,23.2,0.2,27.4,0.9,28.3,0.6,29.3,0.5
1990/3/20,23,0.3,27.2,0.9,28.4,0.8,29.4,0.5
1990/3/21,22.2,-0.2,27.3,1.1,28.4,0.9,29.4,0.6
1990/3/22,22.8,0.7,27,1,28.1,0.7,29.2,0.4
1990/3/23,22.3,0.4,26.8,1,28.1,0.8,29.2,0.4
1990/3/24,21.9,0.3,26.6,1,27.9,0.7,29.3,0.5
1990/3/25,21.6,0.3,26.2,0.7,27.7,0.5,29.2,0.5
1990/3/26,21.6,0.5,26.1,0.8,27.9,0.9,29.5,0.7
1990/3/27,21.2,0.3,25.6,0.4,27.5,0.6,29.3,0.6
1990/3/28,21.3,0.5,25.4,0.4,27.6,0.7,29.3,0.6
1990/3/29,20.9,0.3,25.4,0.5,27.4,0.6,29.3,0.6
1990/3/30,20.7,0.2,25.2,0.3,27,0.3,29,0.3
1990/3/31,20.9,0.4,25.1,0.2,27.1,0.3,29.1,0.5
1990/4/1,20.7,0.3,24.7,-0.1,26.9,0.1,29,0.4
1990/4/2,20.7,0.3,25.1,0.2,27.2,0.5,29.4,0.7
1990/4/3,20.8,0.3,25.2,0.3,27.1,0.4,29.2,0.5
1990/4/4,20.8,0.2,25.3,0.4,27.2,0.5,29.3,0.6
1990/4/5,21.1,0.4,25.6,0.7,27.7,1,29.5,0.8
1990/4/6,20.7,-0.1,25.5,0.6,27.8,1.1,29.6,1
1990/4/7,21.2,0.2,25.7,0.8,27.6,0.9,29.4,0.7
1990/4/8,21.9,0.7,25.9,1,27.8,1.1,29.4,0.8
1990/4/9,22,0.7,25.8,0.9,27.8,1.1,29.5,0.8
1990/4/10,21.9,0.4,25.9,1,27.8,1.1,29.5,0.9
1990/4/11,22.5,0.7,26.1,1.1,27.9,1.3,29.4,0.8
1990/4/12,22.3,0.3,26.1,1.1,28,1.4,29.4,0.9
1990/4/13,22.8,0.5,26.2,1.1,28.1,1.5,29.4,0.9
1990/4/14,23.4,0.8,26.5,1.4,28.3,1.7,29.4,0.9
1990/4/15,23.7,0.8,26.6,1.5,28.5,2,29.5,1
1990/4/16,23.6,0.3,26.7,1.4,28.5,1.9,29.6,1.2
1990/4/17,24,0.3,26.7,1.3,28.5,1.9,29.3,1
1990/4/18,24.2,0.2,26.8,1.3,28.5,1.9,29.2,0.9
1990/4/19,24.6,0.2,26.9,1.3,28.4,1.9,29.1,0.8
1990/4/20,25.3,0.5,27.1,1.3,28.4,1.8,29,0.7
1990/4/21,25.9,0.7,27.4,1.4,28.3,1.7,28.7,0.6
1990/4/22,26.3,0.8,27.5,1.3,28.4,1.7,28.8,0.7
1990/4/23,26.4,0.5,27.6,1.3,28.6,1.9,29,0.9
1990/4/24,26.8,0.6,27.8,1.3,28.8,2,29.2,1.1
1990/4/25,27.3,1.1,27.9,1.2,28.8,1.9,29.1,1
1990/4/26,27.3,1,27.9,1.1,28.6,1.6,29.1,0.9
1990/4/27,27.7,1.2,28.1,1,28.7,1.6,29.2,1
1990/4/28,27.9,1.4,28.5,1.3,28.8,1.6,28.9,0.7
1990/4/29,28.1,1.9,28.7,1.4,29,1.6,29.1,0.8
1990/4/30,27.9,1.9,28.7,1.3,29.1,1.6,29.4,1
1990/5/1,28.3,2.6,28.8,1.4,29.3,1.6,29.6,1.2
1990/5/2,28,2.5,28.8,1.3,29.2,1.4,29.5,1
1990/5/3,27.1,1.9,28.6,1.2,29,1.2,29.3,0.8
1990/5/4,27,2.1,28.8,1.5,29.1,1.2,29.2,0.6
1990/5/5,27,2.4,28.8,1.6,29.2,1.3,29.4,0.7
1990/5/6,26.6,2.3,28.6,1.5,29.1,1.2,29.5,0.8
1990/5/7,25.8,1.8,28.2,1.2,29,1.1,29.5,0.8
1990/5/8,25.9,2.2,28.1,1.3,28.8,1.1,29.5,0.7
1990/5/9,24.2,0.9,27.5,0.8,28.6,0.9,29.4,0.6
1990/5/10,24.2,1.2,26.8,0.3,28.3,0.6,29.4,0.6
1990/5/11,23.9,1.1,26.6,0.2,27.8,0.2,29.2,0.4
1990/5/12,23.5,1,26.2,0,27.6,0.1,29.2,0.4
1990/5/13,22.3,0.1,25.8,-0.2,27.6,0.1,29.2,0.4
1990/5/14,23,1.1,26.2,0.4,28,0.7,29.5,0.7
1990/5/15,21.4,-0.3,25.7,0,27.7,0.5,29.5,0.7
1990/5/16,21.6,0.2,25.1,-0.4,27.2,0,29.2,0.5
1990/5/17,21.5,0.3,24.9,-0.5,27.1,0.1,29.2,0.5
1990/5/18,20.8,-0.2,24.6,-0.6,26.7,-0.2,29.1,0.4
1990/5/19,20.8,0,24.9,-0.2,26.6,-0.3,28.8,0.1
1990/5/20,20.3,-0.4,24.6,-0.4,26.6,-0.3,28.8,0.2
1990/5/21,20.3,-0.3,24.8,-0.2,26.7,-0.1,28.9,0.3
1990/5/22,20.3,-0.2,24.4,-0.5,26.3,-0.4,28.6,0
1990/5/23,19.7,-0.8,24.4,-0.5,26.4,-0.3,28.7,0.1
1990/5/24,20.1,-0.2,24.5,-0.3,26.5,-0.2,28.9,0.2
1990/5/25,20.1,-0.3,24.6,-0.3,26.5,-0.2,28.9,0.2
1990/5/26,20.2,-0.4,24.7,-0.2,26.6,-0.1,28.7,0
1990/5/27,20.5,-0.2,24.5,-0.4,26.4,-0.3,28.8,0.1
1990/5/28,20.7,0,24.6,-0.3,26.4,-0.3,28.6,-0.1
1990/5/29,20.9,0,24.6,-0.4,26.2,-0.5,28.8,0.1
1990/5/30,21.5,0.4,24.8,-0.1,26.2,-0.4,28.5,-0.1
1990/5/31,21.2,-0.1,24.7,-0.2,26.3,-0.4,28.6,0
1990/6/1,21.2,-0.3,24.8,-0.1,26.6,-0.1,28.8,0.2
1990/6/2,21.2,-0.5,24.7,-0.3,26.4,-0.2,28.5,-0.1
1990/6/3,22.1,0.2,24.9,-0.2,26.7,0,28.8,0.2
1990/6/4,22.2,0,24.9,-0.2,26.7,0.1,28.9,0.4
1990/6/5,22.2,-0.3,25.1,0,26.8,0.2,28.7,0.2
1990/6/6,22.3,-0.5,24.9,-0.3,26.7,0.1,28.7,0.3
1990/6/7,22.5,-0.7,25.1,-0.2,26.8,0.2,28.9,0.4
1990/6/8,23.3,-0.2,25.1,-0.3,26.6,0,28.6,0.2
1990/6/9,23.6,-0.3,25.4,-0.1,26.7,0.1,28.5,0.2
1990/6/10,24.4,0.1,25.6,0,26.8,0.2,28.7,0.4
1990/6/11,24.5,-0.2,25.5,-0.2,26.6,0,28.6,0.3
1990/6/12,25.2,0.1,25.8,-0.2,26.7,0,28.6,0.4
1990/6/13,26.2,0.8,26.3,0.2,26.9,0.3,28.5,0.3
1990/6/14,26.6,0.7,26.4,0.2,26.8,0.1,28.3,0.2
1990/6/15,26.6,0.4,26.9,0.5,27,0.2,28.3,0.2
1990/6/16,26.6,0.4,26.7,0.1,27.1,0.2,28.5,0.4
1990/6/17,26.9,0.6,26.9,0.1,27.2,0.2,28.4,0.3
1990/6/18,27.2,0.7,27.3,0.3,27.4,0.3,28.4,0.3
1990/6/19,27.1,0.6,27.5,0.3,27.7,0.4,28.6,0.4
1990/6/20,27.2,1,28,0.7,28,0.7,28.8,0.5
1990/6/21,27.7,1.7,28.3,1,28.2,0.7,28.9,0.6
1990/6/22,26.6,0.9,28.4,1,28.3,0.6,28.7,0.3
1990/6/23,26.3,0.7,28.5,1,28.8,1.1,29,0.5
1990/6/24,26.3,1,28.4,1,28.7,0.9,29,0.5
1990/6/25,26,1.1,28.5,1.2,28.8,1,29,0.4
1990/6/26,25.9,1.2,28.5,1.2,28.8,1,28.9,0.3
1990/6/27,25.6,1.2,28.3,1.2,28.9,1,29.1,0.4
1990/6/28,24.9,0.8,28.1,1.1,28.8,1,29.2,0.4
1990/6/29,24.3,0.6,27.9,1,28.9,1.1,29.2,0.4
1990/6/30,24.5,1.1,27.7,0.9,28.6,0.9,29.2,0.4
1990/7/1,23.9,0.7,27.2,0.6,28.3,0.6,29.1,0.2
1990/7/2,23.6,0.8,27.1,0.6,28.2,0.6,29.1,0.2
1990/7/3,23.8,1.3,26.9,0.7,28.2,0.7,29.3,0.5
1990/7/4,23,0.7,26.7,0.6,28.1,0.6,29.3,0.5
1990/7/5,22.4,0.4,26.1,0.3,27.9,0.6,29.3,0.5
1990/7/6,22.2,0.5,25.8,0.1,27.4,0.2,29.2,0.4
1990/7/7,22,0.6,25.6,0.1,27.5,0.4,29.2,0.4
1990/7/8,21.3,0,25.3,-0.1,27.2,0.1,29.1,0.4
1990/7/9,21.2,0.2,25,-0.3,26.8,-0.2,28.9,0.2
1990/7/10,20.8,0,25,-0.1,26.9,0,29,0.3
1990/7/11,21.1,0.5,24.8,-0.1,26.8,0,28.7,0.1
1990/7/12,21.2,0.6,24.9,0,26.9,0.1,29.1,0.4
1990/7/13,20.9,0.4,24.9,0,26.9,0.2,29.1,0.4
1990/7/14,20.8,0.3,25,0.1,26.8,0.1,29,0.4
1990/7/15,20.8,0.4,24.9,0,26.9,0.2,29.1,0.5
1990/7/16,21,0.5,25,0.2,27,0.3,29.1,0.4
1990/7/17,20.7,0.2,25.1,0.2,27,0.3,29,0.3
1990/7/18,20.6,-0.1,25.2,0.3,26.9,0.2,28.8,0.1
1990/7/19,20.8,0,25.3,0.4,27,0.3,29,0.3
1990/7/20,21.2,0.3,25,0.1,26.6,0,28.9,0.2
1990/7/21,21.3,0.2,25.3,0.4,27.1,0.4,29,0.3
1990/7/22,22,0.8,25.4,0.4,27.2,0.5,29,0.3
1990/7/23,21.4,0,25.1,0.1,26.9,0.2,28.8,0.2
1990/7/24,21.7,0,25.1,0.2,26.9,0.2,28.9,0.3
1990/7/25,21.4,-0.5,25.1,0,26.7,0.1,29,0.5
1990/7/26,21.8,-0.4,25.3,0.2,26.9,0.3,29.2,0.6
1990/7/27,22.1,-0.3,25.3,0.2,26.9,0.4,29,0.5
1990/7/28,23.1,0.4,25.3,0.2,26.8,0.3,28.9,0.4
1990/7/29,23,-0.2,25.3,0.1,26.6,0.1,28.9,0.4
1990/7/30,23.3,-0.2,25.4,0,26.5,-0.1,28.6,0.2
1990/7/31,23.8,0,25.7,0.2,26.7,0.1,28.7,0.3
1990/8/1,23.9,-0.3,25.7,0.1,26.7,0.2,28.5,0.2
1990/8/2,24.6,0,25.7,-0.1,26.5,-0.1,28.5,0.2
1990/8/3,24.8,-0.2,25.8,-0.1,26.5,-0.2,28.2,0
1990/8/4,25.4,0,25.9,-0.1,26.6,0,28.2,0
1990/8/5,25.9,0.1,26.2,0,26.7,0,28.1,0
1990/8/6,25.6,-0.5,26.1,-0.3,26.6,-0.1,28,0
1990/8/7,26.1,-0.1,25.9,-0.7,26.4,-0.5,27.9,-0.2
1990/8/8,26.2,-0.1,26.6,-0.2,26.6,-0.3,27.9,-0.2
1990/8/9,25.5,-0.9,27,0.1,27.2,0.1,28.2,0.1
1990/8/10,25.7,-0.9,27,-0.1,27.4,0.2,28.4,0.2
1990/8/11,25,-1.2,26.8,-0.4,27.3,-0.1,28.3,0
1990/8/12,24.8,-1.3,27,-0.3,27.7,0.2,28.3,0
1990/8/13,24.9,-0.9,27,-0.4,27.6,0,28.5,0.1
1990/8/14,24.7,-0.9,27.2,-0.3,28,0.2,28.6,0.2
1990/8/15,24.2,-1.1,27,-0.4,28,0.2,28.6,0.1
1990/8/16,23.4,-1.6,27.1,-0.2,28.1,0.3,28.7,0.2
1990/8/17,23.4,-1.3,27,-0.3,27.9,0.1,28.8,0.1
1990/8/18,23.6,-0.8,26.8,-0.3,27.8,0,28.9,0.2
1990/8/19,23,-1.1,27.2,0.1,28.2,0.4,29,0.2
1990/8/20,23,-0.8,26.9,0,28.1,0.3,29.1,0.3
1990/8/21,22.8,-0.7,26.9,0.1,28.3,0.5,29.3,0.5
1990/8/22,22.7,-0.5,26.7,0.1,28,0.3,29.1,0.3
1990/8/23,22.7,-0.1,26.8,0.4,28.2,0.6,29.2,0.3
1990/8/24,22.2,-0.4,26.2,-0.1,27.9,0.3,29.2,0.4
1990/8/25,21.7,-0.6,25.9,-0.2,27.6,0.1,29.2,0.4
1990/8/26,21.9,-0.1,25.6,-0.3,27.4,0.1,29.3,0.5
1990/8/27,21.3,-0.4,25.2,-0.5,27.3,0.1,29.4,0.6
1990/8/28,20.9,-0.6,25.1,-0.4,27.4,0.2,29.5,0.8
1990/8/29,20.8,-0.5,24.8,-0.6,27.2,0.1,29.4,0.6
1990/8/30,20.1,-1,24.5,-0.8,27.3,0.3,29.4,0.7
1990/8/31,19.2,-1.6,24.8,-0.3,27.6,0.7,29.5,0.8
1990/9/1,19.6,-1.1,24.8,-0.2,27.4,0.6,29.5,0.9
1990/9/2,20,-0.5,24.8,-0.2,27.3,0.5,29.5,0.8
1990/9/3,19.6,-0.9,24.7,-0.2,27.1,0.3,29.4,0.7
1990/9/4,20.1,-0.4,24.6,-0.3,26.9,0.2,29.3,0.6
1990/9/5,20,-0.3,24.6,-0.2,26.9,0.1,29.2,0.5
1990/9/6,20.5,0.1,24.9,0,27,0.2,29.2,0.5
1990/9/7,20.2,-0.3,25.2,0.3,27.2,0.5,29.2,0.6
1990/9/8,21,0.3,25.4,0.5,27.3,0.6,29.4,0.8
1990/9/9,21.7,0.9,25.6,0.7,27.5,0.8,29.4,0.8
1990/9/10,21.8,0.9,25.6,0.6,27.5,0.8,29.4,0.8
1990/9/11,21.7,0.7,25.6,0.6,27.6,1,29.5,0.9
1990/9/12,22.1,0.9,25.7,0.7,27.8,1.1,29.6,1
1990/9/13,22.1,0.7,26,1,27.9,1.3,29.5,0.9
1990/9/14,22.3,0.7,25.8,0.8,27.8,1.1,29.6,1
1990/9/15,22.8,0.9,25.9,0.9,27.9,1.2,29.7,1.1
1990/9/16,22.9,0.7,26,0.9,28,1.4,29.8,1.3
1990/9/17,23.3,0.9,26,0.9,27.9,1.3,29.6,1.1
1990/9/18,23.4,0.7,25.9,0.8,27.9,1.3,29.5,1.1
1990/9/19,23.7,0.6,26.2,1,27.9,1.3,29.3,0.9
1990/9/20,24.3,0.9,26.3,0.9,27.9,1.3,29.3,0.9
1990/9/21,24.7,0.8,26.1,0.7,27.6,1.1,29.3,0.9
1990/9/22,25.1,0.9,26.2,0.7,27.6,1,29.2,0.9
1990/9/23,25.3,0.8,26.4,0.7,27.6,1,29.3,1
1990/9/24,25.9,0.9,26.5,0.6,27.5,0.8,29.1,0.8
1990/9/25,26.2,0.9,26.7,0.7,27.4,0.8,29,0.9
1990/9/26,26.7,0.9,26.9,0.7,27.4,0.7,29.1,1
1990/9/27,26.5,0.4,26.8,0.4,27.3,0.5,28.9,0.8
1990/9/28,26.4,0.2,26.9,0.3,27.5,0.7,29,0.9
1990/9/29,26,-0.2,26.9,0.2,27.7,0.7,29,0.9
1990/9/30,26,-0.4,26.7,-0.2,27.4,0.4,28.9,0.7
1990/10/1,26.6,0.1,27.1,0,27.7,0.5,29,0.9
1990/10/2,26.4,0.1,27.2,-0.1,27.7,0.3,29,0.8
1990/10/3,25.4,-0.6,27.4,0.1,27.7,0.2,28.8,0.5
1990/10/4,24.9,-1,27.2,-0.2,27.9,0.3,28.8,0.5
1990/10/5,24.9,-0.7,27.3,-0.2,27.8,0.1,28.8,0.4
1990/10/6,24.6,-0.7,27.3,-0.2,28.2,0.4,28.9,0.3
1990/10/7,23.5,-1.5,26.6,-0.7,27.9,0.1,28.9,0.3
1990/10/8,23.3,-1.4,26.6,-0.6,28,0.2,29.2,0.6
1990/10/9,23,-1.4,26.3,-0.8,27.7,-0.1,29.1,0.4
1990/10/10,23,-1.2,26.2,-0.8,27.7,-0.2,29.2,0.4
1990/10/11,23.2,-0.6,26.4,-0.5,27.6,-0.2,29.1,0.3
1990/10/12,22.8,-0.7,26.4,-0.3,27.7,0,29,0.2
1990/10/13,22.9,-0.3,26.4,-0.2,27.7,0,29.1,0.3
1990/10/14,22.9,0,26.4,-0.1,27.7,0.1,29.1,0.3
1990/10/15,21.9,-0.7,26,-0.3,27.5,0,28.9,0.1
1990/10/16,21.8,-0.5,25.8,-0.3,27.3,-0.1,28.8,0
1990/10/17,22,0,25.7,-0.2,27.3,-0.1,29,0.2
1990/10/18,21.2,-0.5,25.6,-0.1,27.1,-0.2,28.8,0
1990/10/19,21,-0.5,25.3,-0.2,26.9,-0.3,28.7,-0.1
1990/10/20,20.8,-0.5,25.1,-0.3,26.8,-0.3,28.6,-0.1
1990/10/21,20.3,-0.8,24.8,-0.5,26.7,-0.3,28.5,-0.2
1990/10/22,19.9,-1,24.3,-0.8,26.3,-0.6,28.3,-0.4
1990/10/23,20,-0.7,24.3,-0.7,26.4,-0.4,28.5,-0.2
1990/10/24,19.9,-0.7,24.3,-0.7,26.3,-0.5,28.4,-0.2
1990/10/25,20.1,-0.5,24,-0.9,25.9,-0.8,28.2,-0.5
1990/10/26,20.4,0,24.1,-0.8,26,-0.8,28.2,-0.5
1990/10/27,19.9,-0.5,24.1,-0.8,26,-0.7,28,-0.6
1990/10/28,20.2,-0.2,24,-0.9,26.1,-0.7,28.4,-0.3
1990/10/29,20.2,-0.3,23.9,-1,25.9,-0.8,28.4,-0.3
1990/10/30,19.6,-1,23.9,-1,25.6,-1.1,28.1,-0.5
1990/10/31,20.2,-0.5,24.1,-0.8,25.6,-1.1,28,-0.6
1990/11/1,20,-0.8,24.1,-0.9,25.8,-0.9,28.2,-0.5
1990/11/2,20.3,-0.7,24,-0.9,25.6,-1.1,27.9,-0.8
1990/11/3,21,-0.2,24.1,-0.8,25.6,-1,28,-0.7
1990/11/4,20.6,-0.8,23.9,-1.1,25.8,-0.9,28.1,-0.5
1990/11/5,21.3,-0.2,24.1,-0.9,25.7,-1,27.8,-0.8
1990/11/6,21.4,-0.4,24.1,-0.9,25.5,-1.1,27.7,-0.9
1990/11/7,21.6,-0.5,24.1,-1,25.7,-0.9,28.1,-0.5
1990/11/8,21.5,-0.9,24.1,-1,25.6,-1,27.9,-0.6
1990/11/9,21.7,-1,24,-1.1,25.4,-1.2,27.9,-0.5
1990/11/10,22,-1,24.1,-1.1,25.6,-1,28.1,-0.3
1990/11/11,22.8,-0.6,24.5,-0.8,25.7,-0.9,28.1,-0.3
1990/11/12,23.4,-0.4,24.6,-0.8,25.6,-1,28.1,-0.3
1990/11/13,23.6,-0.6,24.9,-0.6,25.6,-1,27.9,-0.4
1990/11/14,24,-0.5,25.2,-0.5,25.9,-0.7,27.8,-0.5
1990/11/15,23.9,-1,25,-0.8,25.9,-0.7,27.9,-0.4
1990/11/16,24.6,-0.7,25.2,-0.8,25.8,-0.9,27.8,-0.4
1990/11/17,25.4,-0.3,25.4,-0.8,25.6,-1.1,27.5,-0.6
1990/11/18,25.9,-0.1,25.7,-0.6,25.8,-0.9,27.5,-0.5
1990/11/19,26,-0.2,25.9,-0.6,25.8,-1,27.4,-0.7
1990/11/20,26.1,-0.2,26.3,-0.5,26.3,-0.6,27.5,-0.6
1990/11/21,26.6,0.2,26.5,-0.4,26.2,-0.8,27.5,-0.6
1990/11/22,26.1,-0.3,26.9,-0.2,26.6,-0.6,27.7,-0.5
1990/11/23,26.3,-0.1,27,-0.2,26.8,-0.5,27.7,-0.5
1990/11/24,25.7,-0.4,26.7,-0.6,26.8,-0.6,27.8,-0.4
1990/11/25,24.4,-1.5,26.5,-0.9,27,-0.6,27.9,-0.5
1990/11/26,23.9,-1.7,27,-0.4,27.4,-0.3,27.9,-0.5
1990/11/27,23.8,-1.6,26.8,-0.7,27.3,-0.4,28,-0.5
1990/11/28,23.6,-1.5,26.7,-0.7,27.6,-0.1,28.2,-0.3
1990/11/29,23,-1.9,26.4,-0.9,27.4,-0.4,28.2,-0.4
1990/11/30,23,-1.6,26.5,-0.7,27.6,-0.2,28.4,-0.3
1990/12/1,23,-1.3,26.3,-0.8,27.3,-0.5,28.3,-0.4
1990/12/2,23,-0.9,26.2,-0.7,27.2,-0.6,28.5,-0.3
1990/12/3,22.6,-1.1,26.2,-0.6,27.3,-0.4,28.6,-0.2
1990/12/4,22.3,-1,26,-0.6,27.3,-0.4,28.6,-0.3
1990/12/5,21.9,-1,26,-0.5,27.3,-0.4,28.5,-0.4
1990/12/6,21.4,-1.3,25.8,-0.6,27.3,-0.3,28.4,-0.4
1990/12/7,20.6,-1.8,25.7,-0.5,27.3,-0.2,28.6,-0.2
1990/12/8,20.4,-1.7,25.9,0,27.6,0.2,28.6,-0.2
1990/12/9,20.1,-1.8,25.4,-0.3,27.1,-0.2,28.5,-0.3
1990/12/10,20,-1.6,25.4,-0.2,27.1,-0.1,28.3,-0.5
1990/12/11,20.2,-1.2,25.1,-0.4,26.9,-0.2,28.5,-0.3
1990/12/12,19.2,-1.9,24.7,-0.6,26.6,-0.4,28.4,-0.3
1990/12/13,19.2,-1.7,24.8,-0.4,26.7,-0.3,28.5,-0.2
1990/12/14,20,-0.8,24.6,-0.5,26.5,-0.4,28.6,0
1990/12/15,20.1,-0.5,24.6,-0.3,26.5,-0.3,28.6,-0.1
1990/12/16,18.9,-1.6,24.4,-0.6,26.5,-0.2,28.4,-0.3
1990/12/17,19.1,-1.3,24.3,-0.6,26.4,-0.4,28.5,-0.2
1990/12/18,19.4,-1,24.4,-0.5,26.2,-0.5,28.3,-0.4
1990/12/19,19.1,-1.3,24.3,-0.5,26.4,-0.3,28.5,-0.2
1990/12/20,19.3,-1.2,24.4,-0.4,26.3,-0.4,28.4,-0.3
1990/12/21,19.5,-1.2,24.5,-0.4,26.2,-0.5,28.3,-0.4
1990/12/22,19.5,-1.3,24.3,-0.6,26.2,-0.5,28.5,-0.2
1990/12/23,20.2,-0.6,24.4,-0.5,26.3,-0.3,28.5,-0.1
1990/12/24,20.5,-0.5,24.4,-0.6,26.2,-0.5,28.3,-0.3
1990/12/25,20,-1.1,24.3,-0.7,26.1,-0.5,28.3,-0.3
1990/12/26,20.2,-1.2,24.4,-0.6,26.1,-0.5,28.1,-0.5
1990/12/27,20.1,-1.4,24.4,-0.6,26.2,-0.5,28.3,-0.3
1990/12/28,20.3,-1.5,24.4,-0.6,26.3,-0.3,28.4,-0.1
1990/12/29,20.4,-1.6,24.3,-0.7,26.2,-0.4,28.3,-0.2
1990/12/30,20.8,-1.5,24.4,-0.7,26.3,-0.3,28.5,0
1990/12/31,21.6,-1,24.1,-1,26.1,-0.5,28.6,0.1
1991/1/1,21.6,-1.3,24.2,-1,25.9,-0.6,28.3,-0.1
1991/1/2,22.1,-1.1,24.1,-1.1,25.9,-0.7,28.3,-0.1
1991/1/3,22.5,-1.2,24.3,-1.1,25.8,-0.8,28.2,-0.2
1991/1/4,23,-1,24.5,-1,25.9,-0.6,28.4,0.1
1991/1/5,23.6,-0.8,24.6,-1,25.8,-0.7,28.4,0.1
1991/1/6,24.3,-0.5,24.8,-1,25.9,-0.7,28.4,0.2
1991/1/7,24.6,-0.6,25.1,-0.8,26.3,-0.4,28.4,0.2
1991/1/8,25.3,-0.2,25.2,-0.9,26.2,-0.5,28.4,0.2
1991/1/9,25.4,-0.6,25.8,-0.5,26.4,-0.3,28.3,0.2
1991/1/10,26.3,0.1,25.9,-0.6,26.4,-0.4,28.2,0.1
1991/1/11,26.2,-0.1,26.2,-0.4,26.5,-0.4,28.2,0.1
1991/1/12,26.8,0.5,26.6,-0.3,26.6,-0.4,28.1,0
1991/1/13,26.9,0.5,26.8,-0.3,26.8,-0.4,28.3,0.1
1991/1/14,27,0.6,27.3,0.1,27.4,0.1,28.5,0.3
1991/1/15,27.2,1,27.4,0.1,27.3,-0.1,28.9,0.7
1991/1/16,27,1.1,27.3,-0.1,27.5,0,29.2,0.8
1991/1/17,26.4,0.7,27.3,-0.1,27.8,0.2,29.2,0.8
1991/1/18,26.5,1.1,27.6,0.1,28,0.3,29.3,0.8
1991/1/19,26.6,1.4,27.8,0.4,28.4,0.6,29.5,0.9
1991/1/20,26.8,1.9,28,0.7,28.4,0.6,29.5,0.8
1991/1/21,26.8,2.2,28.2,1,28.6,0.8,29.4,0.8
1991/1/22,26.7,2.4,28,0.9,28.5,0.6,29.3,0.6
1991/1/23,26.6,2.6,27.9,1,28.6,0.8,29.5,0.7
1991/1/24,26.8,3.1,28.1,1.3,28.8,1,29.5,0.7
1991/1/25,26.4,3.1,28,1.3,28.8,1.1,29.4,0.6
1991/1/26,26.5,3.5,28.1,1.6,28.9,1.2,29.3,0.5
1991/1/27,26,3.3,28.2,1.8,29,1.4,29.4,0.6
1991/1/28,26.2,3.7,28.2,2,29.1,1.6,29.5,0.7
1991/1/29,25.9,3.7,28.1,2.1,29,1.5,29.4,0.6
1991/1/30,25.7,3.8,28,2.2,28.9,1.6,29.5,0.7
1991/1/31,25.7,4.1,28.1,2.5,29,1.8,29.5,0.7
1991/2/1,25.5,4.1,27.9,2.4,28.8,1.7,29.5,0.8
1991/2/2,25.2,4,27.9,2.6,28.9,1.9,29.5,0.8
1991/2/3,25.3,4.3,27.8,2.6,28.8,1.8,29.4,0.7
1991/2/4,25.4,4.6,27.9,2.9,28.9,2,29.3,0.6
1991/2/5,24.2,3.6,27.9,2.9,28.9,2.1,29.2,0.5
1991/2/6,24.3,3.7,27.7,2.7,28.8,2,29.2,0.5
1991/2/7,24.6,4.2,27.8,2.9,28.9,2.1,29.2,0.6
1991/2/8,24.6,4.2,27.8,2.9,28.9,2.2,29.3,0.6
1991/2/9,24.2,3.8,27.8,2.9,28.9,2.2,29.3,0.6
1991/2/10,24.4,3.9,27.9,3,28.9,2.2,29.5,0.8
1991/2/11,24.1,3.5,28,3.1,29.1,2.4,29.4,0.7
1991/2/12,24.5,3.8,28.1,3.2,29.2,2.6,29.3,0.6
1991/2/13,24.5,3.7,28.1,3.2,29.2,2.5,29.3,0.7
1991/2/14,24.9,3.9,28.2,3.3,29.3,2.6,29.5,0.8
1991/2/15,24.7,3.6,28.3,3.4,29.2,2.6,29.2,0.6
1991/2/16,25,3.7,28.4,3.4,29.2,2.6,29.2,0.6
1991/2/17,25.8,4.3,28.5,3.6,29.3,2.7,29.5,0.8
1991/2/18,25.8,4.1,28.6,3.6,29.3,2.7,29.7,1.1
1991/2/19,25.9,3.9,28.7,3.7,29.4,2.8,29.7,1.1
1991/2/20,26.2,3.9,28.6,3.6,29.2,2.6,29.4,0.9
1991/2/21,26.7,4.2,28.7,3.6,29.2,2.7,29.4,0.9
1991/2/22,27,4.1,28.8,3.6,29.3,2.7,29.3,0.8
1991/2/23,27.2,4,28.8,3.5,29.3,2.7,29.3,0.9
1991/2/24,27.7,4.1,28.9,3.5,29.2,2.7,29.2,0.8
1991/2/25,28,4,28.9,3.4,29.2,2.6,29.1,0.8
1991/2/26,28.4,4,28.9,3.3,29.1,2.5,29,0.7
1991/2/27,28.4,3.7,28.9,3.2,29,2.4,28.9,0.7
1991/2/28,28.3,3.2,29.1,3.1,29.1,2.4,28.9,0.7
1991/3/1,28.9,3.4,29.1,3,29.2,2.5,29,0.9
1991/3/2,28.9,3,29,2.7,29,2.3,29,0.9
1991/3/3,29.1,3,28.8,2.3,28.7,1.9,28.8,0.7
1991/3/4,29.1,2.9,28.9,2.2,28.6,1.7,28.8,0.7
1991/3/5,29.2,2.8,29,2.2,28.5,1.5,28.6,0.4
1991/3/6,29.2,2.8,29.1,2.1,28.7,1.6,28.8,0.7
1991/3/7,29.2,2.7,29.1,2,28.6,1.4,28.6,0.4
1991/3/8,29.1,2.8,29.2,2,28.8,1.5,28.6,0.4
1991/3/9,29.1,3.1,29.3,1.9,28.7,1.2,28.6,0.2
1991/3/10,28.8,3,29.2,1.8,28.6,1,28.5,0
1991/3/11,28.6,3.1,29.1,1.6,28.4,0.6,28.5,0
1991/3/12,28.4,3.2,29,1.6,28.5,0.7,28.5,-0.1
1991/3/13,28.3,3.4,28.9,1.6,28.7,0.8,28.7,0.1
1991/3/14,27.8,3.2,29.4,2.1,29.1,1.3,28.7,0.1
1991/3/15,28.1,3.8,28.7,1.6,28.8,0.9,28.7,-0.1
1991/3/16,27.9,3.9,27.6,0.7,28.3,0.5,28.6,-0.2
1991/3/17,27,3.3,27.1,0.2,27.9,0.1,28.8,0
1991/3/18,26.2,2.8,26.1,-0.6,27.1,-0.6,28.7,-0.1
1991/3/19,26.1,3,26.2,-0.3,26.9,-0.8,28.6,-0.2
1991/3/20,24.6,1.8,25.8,-0.6,26.7,-1,28.7,-0.1
1991/3/21,24.5,2,26,-0.2,26.4,-1.1,28.5,-0.3
1991/3/22,24.1,1.9,25.7,-0.3,26.4,-1.1,28.3,-0.5
1991/3/23,23.6,1.7,25.6,-0.2,26.2,-1.2,28.2,-0.6
1991/3/24,23.6,2,25.3,-0.4,25.9,-1.4,28.1,-0.7
1991/3/25,23,1.5,24.9,-0.6,25.7,-1.4,28,-0.8
1991/3/26,23.2,2,24.9,-0.5,25.7,-1.4,27.8,-1
1991/3/27,22.6,1.7,24.8,-0.4,25.6,-1.4,27.9,-0.8
1991/3/28,21.8,1.1,24.6,-0.5,25.5,-1.4,27.8,-0.9
1991/3/29,21.3,0.7,24.4,-0.6,25.2,-1.6,27.6,-1
1991/3/30,21.2,0.7,24.7,-0.3,25.6,-1.2,27.6,-1
1991/3/31,21.1,0.6,24.5,-0.4,25.6,-1.2,27.8,-0.8
1991/4/1,20.9,0.5,24.3,-0.6,25.9,-0.8,28.3,-0.4
1991/4/2,21,0.7,24.2,-0.7,25.7,-1,28,-0.7
1991/4/3,20.5,0.1,24.1,-0.7,25.5,-1.2,27.6,-1.1
1991/4/4,20.9,0.3,23.7,-1.2,25.1,-1.6,27.2,-1.4
1991/4/5,20.9,0.2,23.9,-1,25.3,-1.4,27.5,-1.2
1991/4/6,21.2,0.4,24.1,-0.8,25.4,-1.3,27.3,-1.4
1991/4/7,21.1,0.1,24.1,-0.8,25.3,-1.4,27.2,-1.5
1991/4/8,21.6,0.5,24.2,-0.7,25.5,-1.2,27.3,-1.3
1991/4/9,21.4,0.1,24.4,-0.6,25.2,-1.5,27.2,-1.4
1991/4/10,21,-0.4,24,-0.9,25.2,-1.5,27.2,-1.4
1991/4/11,21.7,0,24.1,-0.9,25.2,-1.4,27.1,-1.5
1991/4/12,21.5,-0.5,24,-1,25.1,-1.5,27.2,-1.4
1991/4/13,21.7,-0.5,23.9,-1.2,25.1,-1.5,27.3,-1.2
1991/4/14,22,-0.5,23.8,-1.3,24.8,-1.8,27.2,-1.2
1991/4/15,22.5,-0.3,23.9,-1.3,24.7,-1.8,27.1,-1.4
1991/4/16,23.3,0.2,23.8,-1.4,24.6,-1.9,27,-1.4
1991/4/17,23.2,-0.4,23.9,-1.5,24.7,-1.9,26.7,-1.7
1991/4/18,23.4,-0.5,24.1,-1.4,24.7,-1.9,26.7,-1.7
1991/4/19,23.7,-0.6,24.2,-1.4,25,-1.6,26.8,-1.5
1991/4/20,23.3,-1.4,24.5,-1.3,25,-1.6,26.4,-1.8
1991/4/21,24.5,-0.6,24.9,-1,25,-1.6,26.2,-2
1991/4/22,24.8,-0.6,25.1,-1,25.2,-1.5,26.6,-1.6
1991/4/23,25.1,-0.7,25,-1.2,25.2,-1.5,26.5,-1.6
1991/4/24,25.5,-0.6,25.5,-0.9,25.5,-1.3,26.3,-1.7
1991/4/25,26.8,0.6,26.4,-0.2,25.7,-1.2,26.4,-1.7
1991/4/26,27.4,1.1,26.7,-0.1,26.1,-0.9,26.8,-1.3
1991/4/27,27,0.6,26.6,-0.4,26.1,-1,26.7,-1.5
1991/4/28,26.4,0,26.7,-0.4,26.2,-1,26.9,-1.2
1991/4/29,26.3,0,26.7,-0.6,26.5,-0.9,27,-1.2
1991/4/30,25.8,-0.3,26.6,-0.7,26.5,-1,27,-1.3
1991/5/1,24.4,-1.3,26.7,-0.7,26.7,-0.9,27.1,-1.3
1991/5/2,24.6,-0.9,26.5,-0.9,26.8,-0.9,27.3,-1.1
1991/5/3,23.8,-1.4,26.7,-0.7,27,-0.8,27.4,-1.1
1991/5/4,23.7,-1.3,26.8,-0.6,27,-0.8,27.5,-1.1
1991/5/5,23.6,-1.1,26.6,-0.6,27,-0.8,27.8,-0.9
1991/5/6,23.7,-0.7,26.7,-0.4,27.1,-0.7,27.9,-0.8
1991/5/7,23.7,-0.4,26.5,-0.5,26.9,-0.9,27.8,-0.9
1991/5/8,23.2,-0.6,26.1,-0.8,26.9,-0.9,27.9,-0.9
1991/5/9,22.5,-0.9,25.8,-0.9,26.7,-1.1,28,-0.8
1991/5/10,22.4,-0.8,25.8,-0.7,26.6,-1.1,27.9,-0.9
1991/5/11,21.6,-1.2,25.6,-0.9,26.6,-1.1,28,-0.9
1991/5/12,21.3,-1.2,25.4,-0.8,26.5,-1,28,-0.8
1991/5/13,21.3,-1,25.3,-0.8,26.6,-0.8,28.1,-0.7
1991/5/14,20.4,-1.5,25.2,-0.7,26.6,-0.7,28.1,-0.7
1991/5/15,20.4,-1.3,24.9,-0.7,26.4,-0.8,27.8,-1
1991/5/16,20.3,-1.1,24.8,-0.7,26.2,-0.9,27.8,-1
1991/5/17,20.2,-1,24.4,-1,26,-1,27.8,-0.9
1991/5/18,20.2,-0.8,24.3,-0.9,26,-1,27.8,-0.9
1991/5/19,19.7,-1.1,24.1,-1,25.6,-1.3,27.7,-1
1991/5/20,19.5,-1.1,23.9,-1.1,25.4,-1.4,27.8,-0.9
1991/5/21,19.7,-0.9,24,-1,25.5,-1.3,27.6,-1.1
1991/5/22,19.5,-1,23.6,-1.3,25.4,-1.4,27.6,-1
1991/5/23,19.2,-1.2,23.7,-1.2,25.7,-1.1,27.7,-0.9
1991/5/24,18.9,-1.5,23.6,-1.3,25.7,-1,27.7,-0.9
1991/5/25,19.3,-1.2,23.8,-1.1,25.8,-0.9,27.9,-0.7
1991/5/26,19.5,-1.1,24,-0.8,25.9,-0.8,27.8,-0.8
1991/5/27,19.7,-0.9,23.6,-1.3,25.7,-1,27.9,-0.8
1991/5/28,20.1,-0.7,23.7,-1.2,25.8,-0.9,28,-0.6
1991/5/29,20,-1,23.7,-1.2,25.6,-1,27.8,-0.9
1991/5/30,20.6,-0.5,23.8,-1.1,25.4,-1.3,27.7,-1
1991/5/31,20.1,-1.2,23.6,-1.3,25.4,-1.3,27.6,-1
1991/6/1,20.1,-1.3,23.7,-1.2,25.4,-1.3,27.5,-1.1
1991/6/2,20.6,-1,23.5,-1.5,25.2,-1.5,27.6,-1
1991/6/3,20.9,-1.1,23.1,-1.9,24.7,-1.9,27.4,-1.1
1991/6/4,21,-1.2,23.1,-1.9,24.9,-1.7,27.3,-1.2
1991/6/5,21.1,-1.4,23.6,-1.5,25.1,-1.4,27.3,-1.2
1991/6/6,21.3,-1.4,23.4,-1.7,24.9,-1.7,27.1,-1.4
1991/6/7,22,-1.1,23.8,-1.4,24.9,-1.6,27.1,-1.3
1991/6/8,23,-0.5,23.6,-1.8,24.6,-1.9,27.2,-1.2
1991/6/9,23.2,-0.6,23.4,-2.1,24.5,-2,27,-1.3
1991/6/10,23.8,-0.4,23.9,-1.7,24.7,-1.9,26.9,-1.4
1991/6/11,23.7,-0.9,24,-1.7,24.8,-1.8,26.9,-1.4
1991/6/12,24,-1,24,-1.8,24.6,-2,26.9,-1.3
1991/6/13,25,-0.4,24.7,-1.3,24.8,-1.9,26.7,-1.5
1991/6/14,25.1,-0.7,25.3,-0.9,25.1,-1.6,26.6,-1.5
1991/6/15,25.6,-0.5,25.5,-0.9,25.4,-1.4,26.7,-1.4
1991/6/16,26.2,0,25.4,-1.2,25.2,-1.6,26.6,-1.5
1991/6/17,26.4,0.1,25.7,-1,25.5,-1.5,26.5,-1.6
1991/6/18,26.6,0.2,26.2,-0.8,25.7,-1.4,26.6,-1.5
1991/6/19,26.2,-0.3,26.5,-0.6,26,-1.2,26.7,-1.5
1991/6/20,25.3,-1,26.9,-0.3,26.3,-1.1,26.7,-1.5
1991/6/21,25.6,-0.5,27.5,0.2,26.8,-0.7,27,-1.3
1991/6/22,25.7,-0.1,27.6,0.2,27,-0.6,27.2,-1.2
1991/6/23,26.1,0.5,27.4,-0.1,26.9,-0.8,27.3,-1.2
1991/6/24,25.6,0.3,27.5,0,27,-0.8,27.4,-1.1
1991/6/25,25.3,0.3,27.5,0.1,27.1,-0.7,27.5,-1
1991/6/26,24.9,0.2,27.3,0,27.1,-0.7,27.5,-1.1
1991/6/27,24.3,-0.1,27.2,0,27.1,-0.7,27.7,-1
1991/6/28,23.9,-0.3,26.6,-0.4,27.1,-0.8,27.8,-1
1991/6/29,23.2,-0.6,26.4,-0.5,27.1,-0.7,28,-0.8
1991/6/30,23.2,-0.3,26.3,-0.4,27.2,-0.5,28.1,-0.7
1991/7/1,22.6,-0.6,26,-0.7,27,-0.7,28,-0.8
1991/7/2,22.4,-0.5,25.9,-0.6,27.1,-0.6,28.1,-0.7
1991/7/3,21.7,-0.9,25.8,-0.5,27,-0.6,28.2,-0.7
1991/7/4,21.4,-0.9,25.5,-0.6,26.9,-0.6,28,-0.8
1991/7/5,21,-1,25.6,-0.3,26.9,-0.5,28,-0.8
1991/7/6,20.6,-1.2,25.2,-0.5,26.8,-0.5,28.1,-0.7
1991/7/7,20.3,-1.2,24.9,-0.6,26.7,-0.5,28.2,-0.5
1991/7/8,20.2,-1.1,24.9,-0.5,26.5,-0.6,28.3,-0.4
1991/7/9,20.2,-0.8,24.7,-0.5,26.6,-0.4,28.4,-0.3
1991/7/10,20.1,-0.8,24.5,-0.6,26.6,-0.3,28.4,-0.3
1991/7/11,20.5,-0.2,24.4,-0.6,26.4,-0.4,28.3,-0.3
1991/7/12,20.1,-0.5,24.3,-0.7,26.3,-0.5,28.1,-0.5
1991/7/13,19.3,-1.2,24.5,-0.4,26.4,-0.4,28.2,-0.4
1991/7/14,20.2,-0.3,24.4,-0.4,26.3,-0.5,28.4,-0.2
1991/7/15,19.7,-0.7,24.3,-0.6,26.1,-0.6,28.4,-0.2
1991/7/16,20.1,-0.3,24.2,-0.6,26.1,-0.6,28.5,-0.2
1991/7/17,19.9,-0.6,24.4,-0.5,26.3,-0.4,28.4,-0.3
1991/7/18,20.2,-0.5,24.7,-0.2,26.1,-0.6,28.1,-0.5
1991/7/19,20.2,-0.5,24.4,-0.5,26,-0.6,28.2,-0.4
1991/7/20,20.5,-0.3,24.3,-0.6,25.9,-0.8,28.1,-0.5
1991/7/21,20.7,-0.4,24.3,-0.6,25.9,-0.8,28.1,-0.6
1991/7/22,20.6,-0.6,24.2,-0.8,25.6,-1.1,28,-0.6
1991/7/23,20.6,-0.8,24,-1,25.6,-1.1,28.1,-0.6
1991/7/24,20.3,-1.3,24.2,-0.7,25.9,-0.7,28.2,-0.4
1991/7/25,20.2,-1.7,24.1,-0.9,25.9,-0.7,28.1,-0.5
1991/7/26,21.4,-0.7,24.4,-0.6,25.9,-0.7,27.8,-0.7
1991/7/27,21.8,-0.6,24.4,-0.7,25.6,-1,27.5,-1.1
1991/7/28,22.4,-0.2,24.5,-0.6,25.6,-1,27.6,-0.9
1991/7/29,22.4,-0.6,24.4,-0.8,25.6,-1,27.6,-0.8
1991/7/30,22.2,-1.2,24.4,-1,25.5,-1,27.5,-0.9
1991/7/31,22.8,-0.9,24.5,-0.9,25.6,-1,27.5,-0.8
1991/8/1,23.3,-0.8,24.7,-0.8,25.6,-1,27.5,-0.9
1991/8/2,23.7,-0.8,25.1,-0.6,25.8,-0.8,27.5,-0.8
1991/8/3,24.6,-0.3,25.3,-0.5,25.9,-0.8,27.4,-0.8
1991/8/4,25.2,0,25.4,-0.6,26,-0.7,27.3,-0.9
1991/8/5,25.6,-0.1,25.8,-0.4,25.9,-0.8,27.1,-1
1991/8/6,25.6,-0.4,25.9,-0.5,26,-0.7,27.2,-0.9
1991/8/7,26,-0.2,26.4,-0.1,26.3,-0.6,27.3,-0.8
1991/8/8,26.7,0.4,26.7,0,26.4,-0.5,27.4,-0.8
1991/8/9,27.2,0.8,27.1,0.2,26.6,-0.5,27.4,-0.7
1991/8/10,27.3,0.8,27.2,0.1,26.8,-0.4,27.6,-0.6
1991/8/11,27.6,1.3,27.4,0.2,27.1,-0.2,27.7,-0.6
1991/8/12,27.7,1.6,27.4,0.2,27,-0.4,27.8,-0.5
1991/8/13,27.3,1.5,27.6,0.2,27.3,-0.3,27.9,-0.4
1991/8/14,27.2,1.6,27.7,0.3,27.6,-0.1,28.1,-0.3
1991/8/15,26.2,0.8,27.7,0.2,27.7,-0.1,28.3,-0.2
1991/8/16,25.9,0.8,27.2,-0.1,27.6,-0.2,28.2,-0.3
1991/8/17,24.2,-0.6,27.1,-0.2,27.5,-0.3,28.3,-0.3
1991/8/18,23.9,-0.6,27,-0.1,27.6,-0.2,28.6,-0.1
1991/8/19,23.6,-0.6,26.7,-0.4,27.5,-0.3,28.6,-0.1
1991/8/20,23.3,-0.6,26.9,-0.1,27.7,-0.1,28.8,0
1991/8/21,23.1,-0.5,26.7,0,27.7,-0.1,28.8,0
1991/8/22,22.1,-1.2,26.7,0.1,27.8,0.1,28.8,0
1991/8/23,21.7,-1.3,26.3,-0.1,27.7,0,28.8,0
1991/8/24,21.5,-1.2,26.4,0,27.7,0.1,28.8,-0.1
1991/8/25,20.7,-1.6,25.9,-0.2,27.6,0.1,28.9,0.1
1991/8/26,20.7,-1.4,25.6,-0.3,27.5,0.1,29,0.2
1991/8/27,21.2,-0.6,25.5,-0.2,27.4,0.1,29,0.2
1991/8/28,20.9,-0.7,25.5,-0.1,27.3,0.1,29.1,0.3
1991/8/29,20.7,-0.6,25.2,-0.2,27.2,0.1,29.1,0.3
1991/8/30,20.3,-0.8,25,-0.3,27.2,0.1,29.1,0.4
1991/8/31,20.1,-0.8,25,-0.1,27,0.1,28.9,0.2
1991/9/1,19.8,-0.9,24.7,-0.3,26.8,0,28.9,0.2
1991/9/2,19.8,-0.8,24.6,-0.3,26.8,0,28.9,0.2
1991/9/3,19.7,-0.9,24.3,-0.6,26.6,-0.2,29,0.4
1991/9/4,19.6,-0.8,24.4,-0.5,26.6,-0.1,29.2,0.5
1991/9/5,19.1,-1.3,24.2,-0.7,26.6,-0.2,29.1,0.4
1991/9/6,19.4,-1,24.2,-0.6,26.5,-0.2,29.2,0.5
1991/9/7,19.6,-0.9,24.3,-0.6,26.5,-0.2,29.1,0.4
1991/9/8,19.2,-1.4,24.4,-0.5,26.5,-0.2,28.9,0.3
1991/9/9,19.6,-1.1,24.4,-0.5,26.5,-0.2,29,0.4
1991/9/10,19.4,-1.4,24.5,-0.4,26.6,0,29,0.3
1991/9/11,19.6,-1.4,24.5,-0.4,26.6,0,29.1,0.4
1991/9/12,19.9,-1.3,24.5,-0.5,26.6,0,28.9,0.3
1991/9/13,20.3,-1.1,24.3,-0.7,26.6,-0.1,29.1,0.5
1991/9/14,20.1,-1.5,24.3,-0.7,26.5,-0.1,29,0.4
1991/9/15,20.6,-1.2,24.3,-0.7,26.3,-0.3,28.8,0.2
1991/9/16,21.4,-0.7,24.4,-0.6,26.3,-0.3,28.7,0.2
1991/9/17,21.4,-1,24.5,-0.6,26.1,-0.5,28.6,0.1
1991/9/18,21.6,-1.1,24.5,-0.7,26.1,-0.4,28.6,0.1
1991/9/19,22,-0.9,24.6,-0.5,26.2,-0.4,28.5,0
1991/9/20,22.5,-0.8,24.8,-0.5,26.2,-0.3,28.6,0.2
1991/9/21,23.2,-0.5,24.8,-0.7,26.2,-0.4,28.6,0.2
1991/9/22,23.3,-0.8,25,-0.5,26.5,-0.1,28.8,0.5
1991/9/23,23.5,-1,25,-0.7,26.4,-0.1,28.9,0.6
1991/9/24,23.8,-1.1,25.3,-0.5,26.6,0,28.9,0.6
1991/9/25,24.3,-0.9,25.5,-0.5,26.7,0.1,28.7,0.6
1991/9/26,25.4,-0.2,26,-0.2,26.9,0.3,28.8,0.7
1991/9/27,25.9,-0.1,26.2,-0.2,27,0.3,28.9,0.8
1991/9/28,26.3,0.1,26.4,-0.1,26.8,0,28.6,0.5
1991/9/29,27.4,1.1,26.7,0,27.1,0.1,28.6,0.5
1991/9/30,27.1,0.8,27.1,0.2,27.2,0.1,28.5,0.4
1991/10/1,27.6,1.2,27.2,0.1,27.3,0.1,28.6,0.4
1991/10/2,27.8,1.4,27.3,0.1,27.4,0.1,28.8,0.6
1991/10/3,27.4,1.3,27.4,0.2,27.4,0,28.7,0.5
1991/10/4,27.1,1.2,27.6,0.2,27.7,0.2,28.8,0.5
1991/10/5,27.1,1.5,27.8,0.4,28,0.3,29,0.6
1991/10/6,26.3,0.9,27.6,0.1,27.9,0.2,29.1,0.6
1991/10/7,25.4,0.3,27.3,0,28,0.2,29.3,0.7
1991/10/8,25.4,0.6,27.4,0.1,28,0.2,29.2,0.6
1991/10/9,25,0.5,27.3,0.1,28,0.2,29.2,0.5
1991/10/10,24.5,0.2,27.2,0.1,28,0.1,29.4,0.6
1991/10/11,24.4,0.5,27.1,0.2,28.3,0.4,29.6,0.8
1991/10/12,24.5,0.9,27.4,0.5,28.4,0.7,29.7,0.9
1991/10/13,23.5,0.2,27.3,0.6,28.6,0.9,29.8,1
1991/10/14,22.7,-0.3,27.1,0.6,28.6,0.9,29.7,0.9
1991/10/15,22.1,-0.6,27,0.6,28.4,0.8,29.6,0.8
1991/10/16,22,-0.4,26.9,0.8,28.2,0.7,29.4,0.6
1991/10/17,21.8,-0.3,26.6,0.6,28,0.6,29.4,0.6
1991/10/18,21.1,-0.8,26.3,0.5,28,0.7,29.4,0.6
1991/10/19,21.2,-0.4,26,0.4,28,0.8,29.5,0.7
1991/10/20,20.5,-0.8,25.7,0.2,27.9,0.8,29.5,0.8
1991/10/21,20.3,-0.8,25.5,0.2,27.9,0.9,29.6,0.9
1991/10/22,20,-0.9,25.3,0.1,27.8,0.9,29.4,0.7
1991/10/23,20.3,-0.4,25.5,0.5,27.8,0.9,29.4,0.7
1991/10/24,19.8,-0.8,25.5,0.5,27.8,1,29.3,0.7
1991/10/25,19.8,-0.7,25.6,0.7,27.8,1,29.4,0.7
1991/10/26,19.3,-1.2,25.4,0.5,27.7,0.9,29.3,0.7
1991/10/27,20.2,-0.2,25.5,0.6,27.8,1,29.4,0.7
1991/10/28,20.1,-0.3,25.5,0.7,27.9,1.2,29.5,0.9
1991/10/29,20.1,-0.4,25.7,0.8,27.9,1.2,29.5,0.8
1991/10/30,20.1,-0.5,25.7,0.8,28,1.3,29.5,0.8
1991/10/31,20.7,0,25.6,0.7,27.9,1.2,29.4,0.7
1991/11/1,21.7,0.9,25.7,0.8,27.9,1.2,29.4,0.7
1991/11/2,21.6,0.6,26,1.1,28.2,1.6,29.8,1.2
1991/11/3,21.9,0.7,26.3,1.4,28.3,1.7,29.9,1.2
1991/11/4,22,0.6,26.2,1.3,28.2,1.6,29.8,1.2
1991/11/5,21.9,0.4,26.3,1.4,28.3,1.7,29.9,1.3
1991/11/6,22.5,0.7,26.5,1.5,28.3,1.7,29.9,1.3
1991/11/7,22.6,0.6,26.4,1.4,28.2,1.6,29.7,1.2
1991/11/8,23,0.7,26.6,1.6,28.2,1.6,29.6,1
1991/11/9,23.5,0.9,26.5,1.4,28.1,1.5,29.4,1
1991/11/10,23.3,0.4,26.5,1.3,28.1,1.5,29.4,1
1991/11/11,23.5,0.2,26.3,1,28,1.4,29.5,1.1
1991/11/12,24.2,0.6,26.6,1.2,28.1,1.5,29.4,1.1
1991/11/13,23.9,-0.1,26.3,0.8,27.9,1.3,29.2,0.9
1991/11/14,24.1,-0.3,26.3,0.7,27.7,1.2,29.3,1
1991/11/15,24.4,-0.4,26.5,0.7,27.7,1.1,29.3,1
1991/11/16,24.9,-0.3,26.3,0.3,27.5,0.8,29.1,0.9
1991/11/17,25.3,-0.3,26.4,0.3,27.3,0.6,28.9,0.7
1991/11/18,25.7,-0.3,26.6,0.3,27.4,0.7,28.9,0.9
1991/11/19,26.2,0,27,0.6,27.7,0.9,29.1,1
1991/11/20,26,-0.3,26.8,0.1,27.6,0.7,29.2,1.1
1991/11/21,25.7,-0.7,27,0.2,27.6,0.6,29,0.9
1991/11/22,25.7,-0.8,27.2,0.1,27.7,0.6,29,0.8
1991/11/23,26.5,0.1,27.6,0.4,28,0.8,29.1,0.9
1991/11/24,25.5,-0.7,27.4,0.2,27.9,0.5,29,0.7
1991/11/25,25.7,-0.3,27.2,-0.1,27.8,0.3,28.9,0.6
1991/11/26,24.8,-0.9,27.3,-0.1,27.8,0.2,29,0.6
1991/11/27,24.3,-1.1,27.3,-0.2,27.9,0.1,28.9,0.5
1991/11/28,23.6,-1.6,27.2,-0.2,27.8,0,28.9,0.4
1991/11/29,23.2,-1.6,26.5,-0.8,27.7,-0.1,28.9,0.3
1991/11/30,23,-1.6,26.3,-0.9,27.4,-0.4,28.9,0.2
1991/12/1,22.5,-1.8,26.2,-0.9,27.3,-0.5,28.8,0.1
1991/12/2,22.3,-1.7,26,-1,27.3,-0.6,28.8,0.1
1991/12/3,22,-1.6,26,-0.9,27.4,-0.4,29,0.2
1991/12/4,21.9,-1.4,25.7,-0.9,27.4,-0.3,29,0.2
1991/12/5,21.6,-1.5,25.7,-0.8,27.4,-0.2,29.1,0.2
1991/12/6,21.1,-1.6,25.9,-0.5,27.5,-0.1,29.1,0.3
1991/12/7,21.6,-0.8,25.9,-0.2,27.6,0,29.1,0.3
1991/12/8,21.4,-0.7,25.9,-0.1,27.5,0.1,29.2,0.4
1991/12/9,21.1,-0.8,25.9,0,27.6,0.3,29.2,0.4
1991/12/10,20.8,-0.8,25.8,0.1,27.5,0.3,29.1,0.3
1991/12/11,20.2,-1.2,25.7,0.2,27.3,0.2,29.1,0.3
1991/12/12,20.3,-0.9,25.5,0.2,27.1,0.1,29,0.3
1991/12/13,20.2,-0.8,25.3,0.1,27,0,29,0.3
1991/12/14,20,-0.8,25,0,26.9,0.1,29.1,0.5
1991/12/15,20.6,0,24.9,-0.1,26.7,-0.1,29,0.4
1991/12/16,20,-0.5,24.8,-0.2,26.7,-0.1,29,0.3
1991/12/17,20.4,-0.1,25,0.1,26.9,0.1,29,0.3
1991/12/18,19.9,-0.5,24.8,-0.1,26.8,0,28.9,0.2
1991/12/19,19.5,-0.8,25,0.1,26.9,0.2,28.9,0.3
1991/12/20,20.5,0,25,0.2,27.1,0.4,29.1,0.5
1991/12/21,20.1,-0.5,25.3,0.4,27.3,0.6,29.1,0.4
1991/12/22,20.9,0.2,25.5,0.6,27.4,0.7,29.1,0.5
1991/12/23,20.9,0.1,25.2,0.3,27.1,0.4,29.1,0.5
1991/12/24,21.5,0.6,25.3,0.3,27.1,0.4,29.3,0.6
1991/12/25,21.4,0.3,25.4,0.4,27.2,0.5,29.3,0.7
1991/12/26,21.6,0.3,25.3,0.4,27,0.4,29.4,0.7
1991/12/27,21.8,0.3,25.3,0.4,26.9,0.3,29.3,0.7
1991/12/28,22,0.3,25.4,0.4,27.1,0.4,29.3,0.7
1991/12/29,22.3,0.3,25.5,0.5,27.2,0.5,29.2,0.6
1991/12/30,22.5,0.2,25.6,0.5,27.1,0.5,29.2,0.6
1991/12/31,22.9,0.3,25.5,0.4,27,0.4,29.1,0.6
1992/1/1,23,0.1,25.4,0.3,26.8,0.3,29,0.5
1992/1/2,23,-0.2,25.6,0.3,26.8,0.2,28.9,0.4
1992/1/3,23.8,0.2,25.7,0.4,26.7,0.1,28.7,0.4
1992/1/4,24.2,0.2,25.7,0.2,26.6,0,28.7,0.3
1992/1/5,24.6,0.2,25.9,0.3,26.6,0,28.9,0.6
1992/1/6,24.8,0,26,0.3,27,0.4,28.9,0.7
1992/1/7,24.7,-0.4,26.1,0.1,26.9,0.2,28.8,0.6
1992/1/8,25,-0.5,26,-0.1,26.8,0.1,28.7,0.6
1992/1/9,25.4,-0.5,26.4,0.1,26.8,0.1,28.5,0.4
1992/1/10,26.1,0,26.7,0.2,26.9,0.1,28.5,0.4
1992/1/11,26.3,0.1,26.7,0.1,27,0.1,28.5,0.4
1992/1/12,25.8,-0.6,26.7,-0.1,26.9,-0.1,28.5,0.4
1992/1/13,25.4,-1,27.1,0.1,26.9,-0.2,28.3,0.1
1992/1/14,25.6,-0.8,27.4,0.2,27.1,-0.1,28.3,0.1
1992/1/15,26,-0.3,27.4,0.1,27.3,-0.1,28.4,0.2
1992/1/16,26.1,0.1,27.4,0.1,27.5,0,28.5,0.2
1992/1/17,26,0.2,27.4,0,27.7,0.1,28.6,0.2
1992/1/18,25.2,-0.3,27.4,0,27.8,0.1,28.7,0.2
1992/1/19,24.8,-0.4,27.4,0,28,0.2,28.8,0.3
1992/1/20,24.1,-0.9,27.2,-0.1,28.1,0.3,28.9,0.3
1992/1/21,23.6,-1,26.7,-0.5,27.9,0.1,29,0.3
1992/1/22,23.1,-1.3,26.6,-0.6,28,0.1,29,0.3
1992/1/23,22.8,-1.3,26.8,-0.3,28.2,0.4,29.2,0.4
1992/1/24,22.7,-1,26.7,-0.2,28.1,0.3,29.4,0.6
1992/1/25,22.1,-1.4,26.7,0,28.1,0.3,29.2,0.4
1992/1/26,21.7,-1.4,26.6,0,28,0.3,29.2,0.4
1992/1/27,21.5,-1.3,26.4,-0.1,27.8,0.1,29.2,0.4
1992/1/28,21.3,-1.2,26,-0.3,27.5,0,29.1,0.2
1992/1/29,21,-1.2,25.6,-0.4,27.3,-0.1,29.1,0.3
1992/1/30,20.8,-1.2,25.4,-0.4,27.6,0.3,29.4,0.6
1992/1/31,20.9,-0.8,25.5,-0.2,27.7,0.4,29.4,0.6
1992/2/1,20.7,-0.7,25.2,-0.3,27.7,0.6,29.4,0.7
1992/2/2,20.3,-0.9,25.4,0,27.9,0.8,29.4,0.6
1992/2/3,19.9,-1.1,25.2,0,27.8,0.8,29.4,0.7
1992/2/4,19.7,-1.1,25.1,0,27.6,0.7,29.2,0.6
1992/2/5,19.6,-1,24.9,0,27.4,0.6,29.2,0.5
1992/2/6,19.2,-1.4,24.9,0,27.4,0.7,29.3,0.7
1992/2/7,20.1,-0.4,25,0.1,27.4,0.7,29.6,0.9
1992/2/8,19.8,-0.6,25,0.1,27.4,0.6,29.6,0.9
1992/2/9,19.8,-0.5,25.1,0.3,27.5,0.7,29.6,0.9
1992/2/10,20.4,-0.1,25.3,0.4,27.6,0.9,29.6,0.9
1992/2/11,20.5,-0.1,25.4,0.5,27.5,0.8,29.5,0.8
1992/2/12,20.8,0.1,25.2,0.4,27.4,0.7,29.5,0.8
1992/2/13,20.5,-0.2,25.2,0.3,27.3,0.6,29.4,0.8
1992/2/14,21.4,0.5,25.4,0.5,27.4,0.7,29.6,1
1992/2/15,21.3,0.2,25.4,0.5,27.4,0.7,29.7,1
1992/2/16,21.5,0.3,25.4,0.5,27.3,0.6,29.6,1
1992/2/17,22,0.5,25.5,0.5,27.3,0.6,29.5,0.9
1992/2/18,22.2,0.5,25.5,0.5,27.3,0.7,29.6,1
1992/2/19,21.9,0,25.4,0.4,27.3,0.7,29.5,1
1992/2/20,22.4,0.2,25.6,0.6,27.4,0.8,29.4,0.9
1992/2/21,22.3,-0.2,25.7,0.6,27.4,0.8,29.4,0.8
1992/2/22,22.9,0.2,25.8,0.6,27.3,0.7,29.2,0.8
1992/2/23,22.9,-0.2,25.9,0.6,27.3,0.7,29.5,1.1
1992/2/24,23.6,0.2,25.8,0.5,27.2,0.6,29.5,1.1
1992/2/25,23.7,-0.2,25.7,0.3,27.1,0.5,29.3,0.9
1992/2/26,24.2,0,25.9,0.3,27.1,0.5,29.2,0.9
1992/2/27,25,0.3,26,0.3,27.1,0.5,29.2,0.9
1992/2/28,24.9,-0.1,26,0.1,27.1,0.5,29.2,1
1992/2/29,24.6,-0.8,25.9,-0.2,26.9,0.2,29,0.8
1992/3/1,25.1,-0.6,26.2,-0.1,27,0.3,28.8,0.7
1992/3/2,25.8,-0.3,26.4,0,27,0.3,28.8,0.7
1992/3/3,25.7,-0.5,26.3,-0.3,27,0.1,28.7,0.6
1992/3/4,25.2,-1.1,26.2,-0.6,27,0,28.8,0.6
1992/3/5,25.9,-0.5,26.7,-0.2,27.2,0.1,28.8,0.6
1992/3/6,25.9,-0.6,27.3,0.2,27.6,0.4,29,0.8
1992/3/7,25,-1.3,27.3,0,27.9,0.5,28.9,0.7
1992/3/8,24.9,-1.1,27.4,0.1,28,0.5,29,0.7
1992/3/9,24.8,-1,27.4,0,28,0.4,28.9,0.5
1992/3/10,24.6,-0.9,27.7,0.2,27.9,0.1,28.8,0.3
1992/3/11,24.8,-0.5,27.9,0.5,28.2,0.4,28.9,0.4
1992/3/12,25.4,0.4,28.1,0.8,28.3,0.5,29.1,0.5
1992/3/13,25.2,0.5,28.1,0.9,28.3,0.4,29.1,0.4
1992/3/14,24.6,0.2,27.6,0.5,28.2,0.4,29.1,0.3
1992/3/15,24.5,0.4,27.4,0.3,28.2,0.4,29.3,0.5
1992/3/16,23.5,-0.3,27.1,0.2,28.2,0.4,29.2,0.4
1992/3/17,23,-0.5,26.8,0,28.1,0.3,29.2,0.4
1992/3/18,22.6,-0.5,26.9,0.3,28.1,0.4,29.2,0.4
1992/3/19,22.3,-0.5,26.8,0.3,28.1,0.4,29.2,0.4
1992/3/20,22.2,-0.3,26.9,0.6,28,0.5,29.1,0.3
1992/3/21,21.6,-0.7,26.7,0.6,28,0.5,29.1,0.3
1992/3/22,21.5,-0.5,26.3,0.4,27.8,0.4,29.2,0.4
1992/3/23,21.5,-0.3,26.2,0.5,27.6,0.3,29.1,0.3
1992/3/24,20.7,-0.8,25.8,0.2,27.3,0.2,29,0.2
1992/3/25,20.8,-0.5,25.4,0,27.1,0.1,28.9,0.1
1992/3/26,20.8,-0.2,25.2,-0.1,26.9,-0.1,28.8,0.1
1992/3/27,20.6,-0.2,25.2,0.1,26.9,0,28.7,0
1992/3/28,20.4,-0.2,25.4,0.4,27,0.2,28.9,0.2
1992/3/29,20.8,0.3,25.2,0.3,26.9,0.1,28.9,0.3
1992/3/30,20.4,-0.1,24.8,-0.1,26.7,-0.1,28.9,0.2
1992/3/31,20,-0.5,24.5,-0.3,26.5,-0.3,28.7,0.1
1992/4/1,19.7,-0.7,24.5,-0.4,26.4,-0.3,28.7,0
1992/4/2,19.6,-0.9,24.7,-0.2,26.8,0.1,28.9,0.3
1992/4/3,19.6,-0.9,24.5,-0.4,26.7,0,28.9,0.3
1992/4/4,19.4,-1.2,24.6,-0.3,26.9,0.2,29,0.3
1992/4/5,20,-0.8,24.9,0,26.9,0.2,28.9,0.3
1992/4/6,19.8,-1.1,24.7,-0.2,26.7,0,28.8,0.2
1992/4/7,19.9,-1.2,24.7,-0.2,26.6,-0.1,28.8,0.1
1992/4/8,19.8,-1.4,24.3,-0.7,26.5,-0.2,28.7,0.1
1992/4/9,20.2,-1.2,24.2,-0.7,26.3,-0.4,28.6,0
1992/4/10,21,-0.6,24.3,-0.7,26.5,-0.2,28.6,0
1992/4/11,21.2,-0.7,24.3,-0.7,26.3,-0.3,28.7,0.1
1992/4/12,21.2,-0.9,24.2,-0.9,26.1,-0.5,28.6,0.1
1992/4/13,21.4,-1.1,24.1,-1,26,-0.6,28.6,0
1992/4/14,21.8,-0.9,24,-1.1,25.8,-0.7,28.5,0
1992/4/15,23.1,0.1,24.3,-0.9,25.8,-0.8,28.1,-0.3
1992/4/16,23.3,-0.2,24.7,-0.6,25.9,-0.7,28,-0.4
1992/4/17,23.4,-0.4,25,-0.5,25.8,-0.7,27.9,-0.5
1992/4/18,24.2,0,25,-0.6,25.7,-0.9,27.8,-0.5
1992/4/19,24.3,-0.2,24.8,-0.9,25.5,-1.1,27.6,-0.7
1992/4/20,24.8,-0.1,25.1,-0.8,25.5,-1.1,27.4,-0.8
1992/4/21,25,-0.3,25.5,-0.6,25.8,-0.9,27.4,-0.7
1992/4/22,25.9,0.2,25.8,-0.4,26,-0.7,27.3,-0.9
1992/4/23,27.1,1,26.3,0,26.1,-0.6,27.3,-0.8
1992/4/24,26.8,0.6,26.4,-0.2,26.3,-0.5,27.4,-0.7
1992/4/25,27,0.7,26.2,-0.6,26.1,-0.9,27.4,-0.7
1992/4/26,26.9,0.5,26.5,-0.4,26.4,-0.7,27.6,-0.6
1992/4/27,26.7,0.2,26.5,-0.6,26.5,-0.7,27.7,-0.5
1992/4/28,26.6,0.3,26.6,-0.6,26.7,-0.6,28,-0.3
1992/4/29,26,-0.1,26.8,-0.5,27,-0.5,28.1,-0.2
1992/4/30,24.9,-0.9,27.1,-0.3,27.3,-0.3,28.1,-0.2
1992/5/1,24,-1.5,27.6,0.1,27.7,0,28.3,-0.1
1992/5/2,23.4,-2,27.2,-0.2,27.7,-0.1,28.4,-0.1
1992/5/3,23.1,-1.9,27.2,-0.2,27.7,-0.1,28.5,0
1992/5/4,23.9,-0.8,27.2,-0.1,27.7,-0.1,28.6,-0.1
1992/5/5,24.1,-0.4,27.1,0,27.8,0,28.8,0.1
1992/5/6,23.8,-0.3,27.1,0,28.1,0.2,29.1,0.3
1992/5/7,23.5,-0.3,26.9,0,28,0.2,29,0.2
1992/5/8,23.4,-0.1,26.8,0,28,0.3,29.2,0.4
1992/5/9,22.6,-0.6,26.6,0,28,0.3,29.2,0.4
1992/5/10,22.8,-0.1,26.5,0.1,27.9,0.3,29.2,0.3
1992/5/11,22.5,-0.1,26.3,0,27.8,0.2,29.2,0.3
1992/5/12,22.4,0,26.1,0,27.6,0.1,29,0.2
1992/5/13,22.2,0.1,26,0.1,27.5,0.1,29,0.1
1992/5/14,22,0.2,25.8,0,27.3,0,29,0.2
1992/5/15,22.3,0.8,25.8,0.2,27.3,0.1,29.1,0.3
1992/5/16,22,0.7,25.7,0.3,27.3,0.2,29.2,0.4
1992/5/17,21.9,0.8,25.5,0.3,27.2,0.2,29.2,0.5
1992/5/18,21.7,0.8,25.3,0.2,27.1,0.2,29.1,0.4
1992/5/19,21.6,0.9,25.4,0.4,27.2,0.4,29.2,0.6
1992/5/20,21.5,1,25.5,0.5,27.3,0.5,29.3,0.6
1992/5/21,21.1,0.6,25.6,0.6,27.3,0.5,29.3,0.7
1992/5/22,21.6,1.2,25.6,0.7,27.4,0.6,29.4,0.8
1992/5/23,21.3,0.9,25.8,0.9,27.3,0.6,29.4,0.7
1992/5/24,21.2,0.8,25.9,1.1,27.4,0.7,29.4,0.8
1992/5/25,21.7,1.1,25.7,0.8,27.2,0.5,29.3,0.7
1992/5/26,21.7,1,25.7,0.8,27.2,0.5,29.2,0.6
1992/5/27,22.2,1.4,26.1,1.2,27.5,0.8,29.4,0.8
1992/5/28,22.4,1.5,26,1.1,27.5,0.8,29.5,0.8
1992/5/29,22.7,1.6,26.1,1.1,27.6,0.9,29.6,1
1992/5/30,22.4,1.2,25.9,1,27.6,0.9,29.5,0.9
1992/5/31,22.5,1.1,25.9,0.9,27.6,0.9,29.6,1
1992/6/1,22.6,1,26.1,1.1,27.8,1.2,29.7,1.1
1992/6/2,22.7,0.8,26.3,1.2,27.8,1.2,29.6,1.1
1992/6/3,23,0.9,26.1,1.1,27.8,1.2,29.6,1
1992/6/4,22.9,0.5,26.1,1.1,27.9,1.3,29.6,1.1
1992/6/5,22.9,0.2,26.3,1.2,27.8,1.2,29.5,1
1992/6/6,23.7,0.6,26.5,1.3,27.7,1.2,29.4,1
1992/6/7,24,0.6,26.6,1.3,27.7,1.1,29.4,1
1992/6/8,24.3,0.5,26.4,0.9,27.5,0.9,29.2,0.8
1992/6/9,24.9,0.7,26.7,1.1,27.5,0.9,29.1,0.8
1992/6/10,25,0.4,26.4,0.7,27.2,0.6,28.8,0.6
1992/6/11,25.2,0.3,26.5,0.7,27.1,0.5,28.7,0.5
1992/6/12,25.6,0.3,26.6,0.6,27,0.3,28.7,0.5
1992/6/13,26,0.4,26.6,0.4,26.9,0.2,28.6,0.4
1992/6/14,26.3,0.3,26.3,-0.1,26.7,0,28.6,0.6
1992/6/15,26.4,0.3,26.4,-0.1,26.8,-0.1,28.6,0.5
1992/6/16,25.7,-0.6,26.5,-0.3,26.9,0,28.5,0.4
1992/6/17,25.8,-0.5,26.6,-0.3,26.9,-0.2,28.5,0.4
1992/6/18,26,-0.5,27.3,0.2,27.3,0.1,28.6,0.4
1992/6/19,25.6,-0.8,26.8,-0.4,27.2,-0.1,28.5,0.3
1992/6/20,25.1,-1,26.6,-0.7,27.4,0,28.5,0.2
1992/6/21,24.5,-1.4,26.7,-0.7,27.5,0,28.7,0.3
1992/6/22,24.4,-1.2,27.2,-0.2,27.8,0.1,28.7,0.3
1992/6/23,23.9,-1.4,27.4,-0.1,27.9,0.2,28.7,0.2
1992/6/24,24.1,-1,27.3,-0.1,27.8,0,28.7,0.1
1992/6/25,23.6,-1.2,26.9,-0.4,27.7,-0.1,28.6,0
1992/6/26,23,-1.5,26.3,-0.9,27.4,-0.4,28.7,0
1992/6/27,22.9,-1.3,26.3,-0.8,27.5,-0.4,28.8,0.1
1992/6/28,22.3,-1.6,26.3,-0.6,27.7,-0.1,29,0.2
1992/6/29,21.8,-1.8,26.1,-0.7,27.6,-0.2,29,0.2
1992/6/30,21.6,-1.6,25.8,-0.9,27.6,-0.1,29,0.2
1992/7/1,22.2,-0.7,26.1,-0.4,27.7,0.1,29.1,0.3
1992/7/2,21.8,-0.8,25.9,-0.5,27.6,0,28.9,0.1
1992/7/3,20.7,-1.7,25.5,-0.6,27.3,-0.1,28.8,0
1992/7/4,21.2,-0.9,25.3,-0.6,27,-0.4,28.7,-0.1
1992/7/5,20.1,-1.7,24.9,-0.9,26.8,-0.5,28.8,0
1992/7/6,19.9,-1.7,24.8,-0.8,26.9,-0.3,28.9,0.1
1992/7/7,20.3,-1,24.5,-1,26.6,-0.5,28.9,0.1
1992/7/8,19.6,-1.5,24.1,-1.2,26.4,-0.6,28.7,0
1992/7/9,19.3,-1.6,23.8,-1.3,26.2,-0.7,28.6,-0.1
1992/7/10,19.7,-1,24,-1,26.3,-0.6,28.6,-0.1
1992/7/11,19.2,-1.4,23.8,-1.2,26.1,-0.7,28.5,-0.1
1992/7/12,18.4,-2.1,23.7,-1.3,26.1,-0.7,28.4,-0.2
1992/7/13,19.4,-1.1,23.7,-1.2,26,-0.8,28.3,-0.4
1992/7/14,18.6,-1.8,23.6,-1.3,25.8,-1,28,-0.6
1992/7/15,18.5,-2,23.6,-1.2,25.8,-0.9,28,-0.7
1992/7/16,18.4,-2.1,23.2,-1.7,25.6,-1.1,28,-0.7
1992/7/17,18.3,-2.3,23.2,-1.7,25.4,-1.3,27.9,-0.7
1992/7/18,18.8,-1.9,23.3,-1.6,24.9,-1.8,27.7,-1
1992/7/19,18.6,-2.2,23.5,-1.4,25.3,-1.4,27.9,-0.7
1992/7/20,19.2,-1.8,23.5,-1.4,25.3,-1.4,27.8,-0.8
1992/7/21,19.7,-1.5,23.2,-1.8,25.2,-1.5,27.8,-0.8
1992/7/22,19.3,-2.1,23,-2,25,-1.6,27.5,-1.1
1992/7/23,19.2,-2.3,23.2,-1.7,25.2,-1.5,27.3,-1.3
1992/7/24,19.8,-2,23.2,-1.8,24.9,-1.7,27.1,-1.5
1992/7/25,19.8,-2.2,23.3,-1.8,25.1,-1.6,27.4,-1.1
1992/7/26,20.6,-1.8,23.5,-1.5,25.1,-1.5,27.5,-1
1992/7/27,20.3,-2.4,23.3,-1.8,24.9,-1.7,27.5,-1
1992/7/28,21.3,-1.6,23.7,-1.5,25,-1.6,27.2,-1.3
1992/7/29,21.9,-1.4,23.7,-1.6,24.9,-1.6,27,-1.4
1992/7/30,22.6,-1.1,23.9,-1.5,25,-1.6,26.8,-1.6
1992/7/31,23.3,-0.8,24,-1.5,24.8,-1.8,26.6,-1.7
1992/8/1,24.1,-0.4,24,-1.6,24.6,-2,26.6,-1.7
1992/8/2,24.1,-0.7,24.1,-1.7,24.4,-2.2,26.4,-1.8
1992/8/3,25.1,-0.1,24.7,-1.3,24.9,-1.7,26.5,-1.7
1992/8/4,25.9,0.3,24.8,-1.4,24.6,-2.1,26.4,-1.8
1992/8/5,25.9,-0.1,24.7,-1.7,24.5,-2.2,26.4,-1.7
1992/8/6,26.7,0.6,25.1,-1.4,24.9,-2,26.4,-1.7
1992/8/7,27.2,0.9,25.8,-0.9,25.3,-1.6,26.3,-1.8
1992/8/8,27.3,1,26.3,-0.6,25.7,-1.3,26.6,-1.5
1992/8/9,27.2,0.7,26.5,-0.5,26,-1.1,26.7,-1.4
1992/8/10,27.3,0.9,26.7,-0.5,26.2,-1.1,26.8,-1.4
1992/8/11,27.1,0.9,26.8,-0.5,26.3,-1,27,-1.2
1992/8/12,27.2,1.2,26.9,-0.4,26.5,-1,27.2,-1.2
1992/8/13,25.9,0.2,27.3,-0.2,26.7,-1,27.3,-1.1
1992/8/14,25.5,0,27.3,-0.2,26.9,-0.9,27.4,-1.1
1992/8/15,25.5,0.4,27.1,-0.3,26.9,-0.9,27.5,-1.1
1992/8/16,24.5,-0.3,27.3,0,27.1,-0.7,27.7,-0.9
1992/8/17,24.1,-0.5,26.8,-0.4,27,-0.9,27.7,-1
1992/8/18,24.5,0.2,27.1,-0.1,27.1,-0.7,27.8,-0.9
1992/8/19,24.1,0.1,27.2,0.2,27.3,-0.5,28,-0.7
1992/8/20,24.1,0.5,27.2,0.4,27.3,-0.5,28,-0.8
1992/8/21,24,0.7,27,0.3,27.3,-0.4,28,-0.8
1992/8/22,23.7,0.7,26.7,0.2,27.2,-0.5,28,-0.8
1992/8/23,23.3,0.6,26.3,-0.1,27.1,-0.5,28.1,-0.8
1992/8/24,23,0.6,26.2,0,27.1,-0.4,28.1,-0.7
1992/8/25,22.7,0.5,26.3,0.4,27.2,-0.2,28.2,-0.6
1992/8/26,22.7,0.8,26.3,0.5,27.3,-0.1,28.3,-0.5
1992/8/27,22.7,1.1,26.2,0.5,27.3,0,28.3,-0.5
1992/8/28,22.6,1.2,25.9,0.5,27.1,0,28.2,-0.6
1992/8/29,22.2,1.1,25.9,0.5,27.1,0,28.2,-0.5
1992/8/30,22,1.1,25.9,0.7,27,0.1,28.2,-0.5
1992/8/31,22.5,1.8,25.8,0.8,27,0.2,28.2,-0.5
1992/9/1,21.1,0.5,25.5,0.5,26.7,-0.1,28.1,-0.6
1992/9/2,21.3,0.8,25.3,0.4,26.6,-0.2,28.1,-0.6
1992/9/3,21.3,0.8,25.3,0.4,26.6,-0.2,28.1,-0.6
1992/9/4,21,0.6,25.2,0.3,26.6,-0.2,28.1,-0.6
1992/9/5,21.1,0.8,24.9,0.1,26.4,-0.4,28.1,-0.6
1992/9/6,21.3,0.8,25.1,0.2,26.4,-0.4,28.1,-0.6
1992/9/7,21,0.4,24.7,-0.2,26.2,-0.5,28.3,-0.4
1992/9/8,20.6,-0.1,24.9,0,26.3,-0.4,28.3,-0.4
1992/9/9,20.7,-0.1,24.9,-0.1,26.4,-0.3,28.3,-0.4
1992/9/10,21,0,24.8,-0.2,26.3,-0.4,28.2,-0.4
1992/9/11,20.5,-0.7,24.6,-0.3,26.4,-0.2,28.2,-0.4
1992/9/12,21.3,0,24.6,-0.3,26.3,-0.3,28.2,-0.4
1992/9/13,21.8,0.3,24.9,-0.1,26.5,-0.2,28.1,-0.5
1992/9/14,21.5,-0.2,24.9,-0.1,26.3,-0.3,28,-0.6
1992/9/15,21.2,-0.8,24.6,-0.4,26.1,-0.5,27.9,-0.6
1992/9/16,21.4,-0.9,24.8,-0.3,26,-0.6,27.9,-0.6
1992/9/17,22.1,-0.4,24.6,-0.5,25.8,-0.8,27.7,-0.7
1992/9/18,22.6,-0.3,24.6,-0.6,25.8,-0.8,27.7,-0.8
1992/9/19,22.8,-0.5,24.5,-0.8,25.6,-1,27.5,-0.9
1992/9/20,23.3,-0.3,24.4,-1,25.4,-1.2,27.5,-0.9
1992/9/21,23.4,-0.6,24.5,-0.9,25.4,-1.2,27.4,-1
1992/9/22,24,-0.3,24.8,-0.8,25.4,-1.1,27.4,-0.9
1992/9/23,25.3,0.5,25.5,-0.2,25.8,-0.8,27.4,-0.8
1992/9/24,25.3,0.2,25.5,-0.4,25.7,-1,27.3,-0.9
1992/9/25,25.1,-0.4,25.4,-0.7,25.7,-0.9,27.2,-0.9
1992/9/26,25.8,0,25.6,-0.6,25.9,-0.8,27.3,-0.8
1992/9/27,26.3,0.2,26.1,-0.4,26.2,-0.6,27.4,-0.7
1992/9/28,26.5,0.2,26.4,-0.3,26.3,-0.6,27.4,-0.7
1992/9/29,26.5,0.2,26.1,-0.7,26.4,-0.7,27.5,-0.6
1992/9/30,26.1,-0.3,26.1,-0.9,26.7,-0.5,27.7,-0.4
1992/10/1,26,-0.4,26.4,-0.7,26.7,-0.6,27.8,-0.4
1992/10/2,26.3,0.1,26.7,-0.5,26.8,-0.6,27.9,-0.4
1992/10/3,26.4,0.5,27.2,-0.1,27.1,-0.4,28.1,-0.2
1992/10/4,25.7,0,27.4,0,27.4,-0.2,28.3,-0.1
1992/10/5,26.1,0.7,27.5,0,27.5,-0.2,28.3,-0.2
1992/10/6,25.4,0.2,27.3,-0.1,27.6,-0.2,28.4,-0.2
1992/10/7,25.3,0.4,27.5,0.2,27.7,-0.1,28.6,0
1992/10/8,25.3,0.7,27.6,0.4,27.9,0.1,28.8,0.1
1992/10/9,24.8,0.5,27.4,0.3,28,0.2,29,0.2
1992/10/10,24.4,0.4,27.4,0.4,28.2,0.4,29.1,0.3
1992/10/11,24.3,0.6,27.2,0.4,28.1,0.3,29.1,0.3
1992/10/12,23.7,0.4,27.1,0.4,27.9,0.2,29,0.2
1992/10/13,23.7,0.6,27.2,0.6,28.1,0.4,29.1,0.3
1992/10/14,23.9,1.1,27.2,0.8,28.2,0.5,29.2,0.4
1992/10/15,23.5,1,27.1,0.9,28.2,0.7,29.3,0.5
1992/10/16,22.9,0.7,26.9,0.9,28.2,0.7,29.3,0.5
1992/10/17,23,1.1,26.7,0.9,28,0.7,29.2,0.4
1992/10/18,22.7,1,26.6,1,28,0.7,29.2,0.4
1992/10/19,22.2,0.8,26.5,1,27.9,0.8,29.2,0.4
1992/10/20,22.1,0.9,26.2,0.8,27.7,0.6,29.1,0.4
1992/10/21,22.2,1.2,26,0.8,27.6,0.6,29.1,0.4
1992/10/22,21.4,0.6,25.9,0.8,27.4,0.6,29.1,0.4
1992/10/23,21.6,0.9,25.8,0.9,27.4,0.6,29.2,0.6
1992/10/24,21.5,1,25.9,1,27.6,0.8,29.3,0.7
1992/10/25,21.4,0.9,25.9,1,27.6,0.8,29.3,0.6
1992/10/26,21.1,0.6,25.7,0.8,27.5,0.8,29.3,0.6
1992/10/27,20.8,0.4,25.6,0.8,27.5,0.8,29.3,0.6
1992/10/28,20.5,0,25.6,0.7,27.4,0.7,29.2,0.6
1992/10/29,20.4,-0.2,25.4,0.6,27.3,0.6,29.2,0.6
1992/10/30,20.1,-0.5,25.5,0.6,27.3,0.6,29.4,0.7
1992/10/31,21,0.2,25.6,0.7,27.5,0.8,29.6,1
1992/11/1,21.2,0.3,25.8,0.8,27.7,1,29.8,1.2
1992/11/2,21.6,0.5,26.1,1.2,28.1,1.4,30,1.3
1992/11/3,21.8,0.5,26.2,1.3,28.2,1.6,29.9,1.3
1992/11/4,22.1,0.6,26.2,1.2,28.2,1.5,29.9,1.3
1992/11/5,22.2,0.5,26.2,1.2,28.2,1.6,29.8,1.2
1992/11/6,22.2,0.3,26.3,1.2,28.2,1.6,29.9,1.3
1992/11/7,22.7,0.4,26.5,1.4,28.2,1.6,29.7,1.2
1992/11/8,22.7,0.2,26.6,1.5,28.2,1.7,29.6,1.1
1992/11/9,22.6,-0.2,26.7,1.5,28.3,1.8,29.7,1.2
1992/11/10,23.7,0.5,26.8,1.5,28.4,1.9,29.7,1.3
1992/11/11,24.3,0.7,26.7,1.4,28.3,1.7,29.6,1.2
1992/11/12,24.3,0.4,26.7,1.2,28.3,1.7,29.7,1.3
1992/11/13,24.6,0.3,26.7,1.1,28.2,1.6,29.6,1.3
1992/11/14,24.7,0.1,26.5,0.8,28,1.4,29.5,1.2
1992/11/15,25.5,0.4,26.6,0.7,27.8,1.2,29.3,1.1
1992/11/16,25.4,0,26.7,0.6,27.8,1.2,29.1,1
1992/11/17,25.7,-0.2,27,0.7,27.9,1.2,29,0.9
1992/11/18,26.4,0.3,27.2,0.8,27.9,1.2,29,1
1992/11/19,26.5,0.3,27.4,0.8,28,1.1,29.2,1.1
1992/11/20,26.3,-0.1,27.5,0.7,28.1,1.1,29.2,1
1992/11/21,26,-0.4,27.5,0.5,28.3,1.2,29.3,1.1
1992/11/22,26.2,-0.3,27.8,0.7,28.4,1.1,29.2,1.1
1992/11/23,26.3,0,27.9,0.7,28.4,1,29.2,0.9
1992/11/24,25.9,-0.1,28.1,0.8,28.4,0.9,29.2,0.8
1992/11/25,26,0.3,28.1,0.7,28.4,0.8,29.3,0.9
1992/11/26,26.6,1,28.2,0.8,28.5,0.7,29.2,0.7
1992/11/27,26,0.8,28,0.6,28.4,0.6,29.2,0.7
1992/11/28,25.2,0.3,27.8,0.4,28.2,0.4,29.3,0.7
1992/11/29,24.8,0.2,27.7,0.5,28,0.2,29.1,0.4
1992/11/30,24.8,0.5,27.1,0,27.7,-0.2,29,0.3
1992/12/1,24,0,26.8,-0.3,27.5,-0.3,29,0.2
1992/12/2,23.2,-0.5,26.4,-0.4,27.5,-0.3,29,0.2
1992/12/3,23.4,0,26.1,-0.6,27.3,-0.5,28.8,0
1992/12/4,23.1,0,26,-0.6,27.1,-0.6,28.7,-0.1
1992/12/5,22.3,-0.5,25.8,-0.6,27,-0.7,28.6,-0.2
1992/12/6,22.4,-0.2,25.5,-0.8,26.9,-0.7,28.5,-0.3
1992/12/7,21.6,-0.7,25.3,-0.8,26.7,-0.8,28.3,-0.5
1992/12/8,20.9,-1.1,24.8,-1,26.4,-0.9,28.2,-0.6
1992/12/9,20,-1.6,24.6,-1.1,26.1,-1.1,28.2,-0.6
1992/12/10,19.6,-1.9,24.4,-1.1,26,-1.2,28,-0.8
1992/12/11,19.5,-1.7,24,-1.4,25.6,-1.4,27.8,-1
1992/12/12,19.5,-1.5,24,-1.3,25.8,-1.2,27.7,-1
1992/12/13,19.6,-1.2,24.1,-1,25.7,-1.2,27.5,-1.2
1992/12/14,19.2,-1.4,23.8,-1.1,25.6,-1.2,27.5,-1.1
1992/12/15,19.2,-1.4,23.7,-1.3,25.2,-1.6,27.1,-1.5
1992/12/16,18.8,-1.7,23.4,-1.5,25.1,-1.7,27.2,-1.5
1992/12/17,19.1,-1.3,23.5,-1.4,25.2,-1.6,27.1,-1.6
1992/12/18,18.6,-1.8,23.4,-1.5,25.1,-1.6,27.1,-1.6
1992/12/19,19.3,-1.2,24,-0.8,25.1,-1.6,27.1,-1.6
1992/12/20,19.2,-1.4,23.5,-1.3,24.8,-1.9,27.1,-1.6
1992/12/21,18.7,-1.9,23.2,-1.7,24.8,-1.9,27.1,-1.6
1992/12/22,18.9,-1.9,23,-2,25.1,-1.6,27.1,-1.6
1992/12/23,19.1,-1.8,23.2,-1.7,25.1,-1.6,27,-1.7
1992/12/24,19.8,-1.3,23.6,-1.4,25.2,-1.5,27,-1.6
1992/12/25,19.7,-1.6,23.4,-1.6,25.2,-1.4,27,-1.6
1992/12/26,19.5,-1.9,23.5,-1.5,25.2,-1.4,27.2,-1.5
1992/12/27,20.2,-1.5,23.5,-1.5,25,-1.6,27.1,-1.5
1992/12/28,20.6,-1.3,23.3,-1.7,24.9,-1.7,26.9,-1.7
1992/12/29,20.5,-1.7,23.3,-1.7,25,-1.7,27,-1.5
1992/12/30,20.9,-1.5,23.4,-1.7,25,-1.6,26.9,-1.6
1992/12/31,21.1,-1.7,23.5,-1.7,25,-1.5,26.9,-1.6
1993/1/1,21.7,-1.4,23.4,-1.8,24.8,-1.8,26.8,-1.6
1993/1/2,22.9,-0.6,23.8,-1.5,25,-1.5,26.7,-1.7
1993/1/3,23.1,-0.7,24.1,-1.3,25,-1.5,26.7,-1.7
1993/1/4,23.6,-0.7,24.1,-1.5,24.7,-1.8,26.6,-1.7
1993/1/5,24.2,-0.5,24.4,-1.3,25,-1.6,26.7,-1.6
1993/1/6,25,0,24.5,-1.4,24.9,-1.7,26.8,-1.4
1993/1/7,25.3,-0.1,24.9,-1.1,25.1,-1.5,26.6,-1.5
1993/1/8,25.9,0.2,25.5,-0.8,25.5,-1.2,26.8,-1.3
1993/1/9,26.8,0.7,25.6,-0.8,25.4,-1.3,27,-1.1
1993/1/10,26.4,0.2,25.9,-0.7,25.6,-1.3,27,-1.1
1993/1/11,25.7,-0.6,26,-0.8,25.7,-1.3,27.1,-1.1
1993/1/12,26.3,-0.2,26.2,-0.8,26,-1.1,27.3,-0.9
1993/1/13,26.6,0.1,26.3,-0.8,26.4,-0.9,27.5,-0.7
1993/1/14,25.8,-0.5,26.6,-0.6,26.4,-0.9,27.5,-0.7
1993/1/15,25.6,-0.4,26.9,-0.4,26.6,-0.9,27.5,-0.8
1993/1/16,25.4,-0.4,27.1,-0.2,26.9,-0.7,27.7,-0.6
1993/1/17,25.8,0.3,27.3,-0.2,27.1,-0.7,27.9,-0.6
1993/1/18,25.4,0.1,27.2,-0.3,27.1,-0.7,27.8,-0.7
1993/1/19,25.8,0.8,27.2,-0.1,27.1,-0.7,27.9,-0.7
1993/1/20,25.1,0.4,27,-0.3,27.2,-0.6,28,-0.7
1993/1/21,25.3,0.9,27,-0.2,27.4,-0.5,28.3,-0.5
1993/1/22,24.6,0.5,27,-0.1,27.6,-0.3,28.4,-0.4
1993/1/23,24,0.3,26.8,0,27.5,-0.3,28.3,-0.5
1993/1/24,24.3,0.8,26.8,0.1,27.5,-0.2,28.4,-0.4
1993/1/25,24.2,1.1,26.7,0.1,27.5,-0.2,28.4,-0.4
1993/1/26,23.8,1,26.6,0.1,27.4,-0.2,28.4,-0.4
1993/1/27,23.2,0.6,26.5,0.2,27.4,-0.1,28.4,-0.4
1993/1/28,22.9,0.6,26.1,0.1,27.4,-0.1,28.6,-0.2
1993/1/29,22.2,0.2,25.8,-0.1,27.1,-0.3,28.5,-0.3
1993/1/30,21.9,0.2,25.7,0,27.1,-0.2,28.5,-0.3
1993/1/31,22.1,0.6,25.6,0,26.9,-0.3,28.4,-0.4
1993/2/1,21.9,0.7,25.3,-0.1,26.8,-0.3,28.4,-0.4
1993/2/2,21.5,0.4,25,-0.3,26.4,-0.6,28.3,-0.4
1993/2/3,20.9,0,24.6,-0.5,26.3,-0.6,28.4,-0.3
1993/2/4,20.5,-0.1,24.5,-0.5,26,-0.8,28.2,-0.4
1993/2/5,20.2,-0.4,24.3,-0.6,26.1,-0.7,28.3,-0.4
1993/2/6,20,-0.5,24.4,-0.5,26.1,-0.7,28.3,-0.4
1993/2/7,19.7,-0.7,24.2,-0.7,26.1,-0.7,28.2,-0.5
1993/2/8,19.6,-0.8,24.1,-0.7,26,-0.8,28,-0.7
1993/2/9,19.8,-0.6,24.3,-0.6,25.9,-0.9,27.8,-0.9
1993/2/10,19.9,-0.6,24.1,-0.7,26,-0.7,28,-0.7
1993/2/11,19.8,-0.8,24.1,-0.8,25.7,-1,27.7,-0.9
1993/2/12,19.7,-1,24.1,-0.8,25.8,-0.9,27.9,-0.8
1993/2/13,20,-0.9,23.9,-1.1,25.8,-0.8,28.1,-0.6
1993/2/14,21.2,0.2,23.8,-1.1,25.4,-1.2,28,-0.7
1993/2/15,20.5,-0.8,23.9,-1.1,25.6,-1,27.9,-0.8
1993/2/16,20.5,-0.9,23.9,-1.1,25.7,-0.9,27.9,-0.7
1993/2/17,20.5,-1.1,23.8,-1.1,25.6,-1,27.9,-0.7
1993/2/18,21.4,-0.5,24,-1,25.6,-1,27.8,-0.8
1993/2/19,21,-1.2,23.8,-1.3,25.4,-1.2,27.7,-0.9
1993/2/20,21.4,-1,23.9,-1.2,25.5,-1.1,27.5,-1
1993/2/21,21.5,-1.2,24.1,-1,25.6,-1,27.4,-1.1
1993/2/22,22.1,-1,24.5,-0.7,25.6,-1,27.2,-1.3
1993/2/23,22.6,-0.9,24.4,-0.9,25.5,-1.1,27.1,-1.3
1993/2/24,22.7,-1.1,24.6,-0.8,25.5,-1,27.2,-1.2
1993/2/25,23.7,-0.5,24.8,-0.7,25.6,-1,27.1,-1.2
1993/2/26,24,-0.6,24.9,-0.8,25.4,-1.2,27.1,-1.2
1993/2/27,24.6,-0.4,25.2,-0.7,25.5,-1.2,26.9,-1.3
1993/2/28,24.6,-0.8,25.2,-0.8,25.5,-1.2,27,-1.2
1993/3/1,25.2,-0.5,25.6,-0.6,25.7,-1,27.1,-1
1993/3/2,26.9,0.8,26.3,-0.1,26.1,-0.7,27.1,-1
1993/3/3,26.9,0.8,26.8,0.2,26.5,-0.4,27.4,-0.7
1993/3/4,27.3,1,27.1,0.4,26.4,-0.6,27.2,-0.9
1993/3/5,26.6,0.2,26.7,-0.2,26.4,-0.7,27.3,-0.9
1993/3/6,26.6,0.2,26.6,-0.4,26.6,-0.6,27.5,-0.7
1993/3/7,26.7,0.4,27,-0.2,26.7,-0.6,27.8,-0.5
1993/3/8,26.9,0.8,27.5,0.3,27.1,-0.3,27.7,-0.6
1993/3/9,26.2,0.3,27.6,0.3,27.2,-0.3,27.9,-0.5
1993/3/10,27.4,1.8,27.8,0.4,27.3,-0.4,28.1,-0.3
1993/3/11,26.8,1.4,27.5,0,27.3,-0.5,28.1,-0.4
1993/3/12,26.6,1.5,27.5,0.1,27.6,-0.2,28.4,-0.2
1993/3/13,26.3,1.6,27.4,0.1,27.7,-0.1,28.4,-0.2
1993/3/14,25.7,1.2,27.3,0.1,27.8,0,28.4,-0.3
1993/3/15,25.2,1,27.2,0.1,27.8,0,28.5,-0.3
1993/3/16,24.8,0.9,27.1,0.2,27.8,0,28.6,-0.2
1993/3/17,24.5,0.9,27.2,0.4,27.9,0.2,28.7,-0.1
1993/3/18,24.7,1.5,27.1,0.4,27.8,0.1,28.6,-0.2
1993/3/19,24.4,1.5,27.1,0.6,27.9,0.3,28.6,-0.2
1993/3/20,24.3,1.7,27.1,0.8,28,0.4,28.8,0
1993/3/21,23.8,1.5,27.1,0.9,28.1,0.6,28.9,0
1993/3/22,23.2,1.1,26.8,0.8,27.9,0.5,28.8,0
1993/3/23,22.6,0.8,26.6,0.8,27.7,0.4,28.8,0
1993/3/24,22.6,1.1,26.5,0.9,27.7,0.5,28.8,0
1993/3/25,22,0.7,26.4,1,27.7,0.6,28.9,0.1
1993/3/26,21.6,0.5,26.1,0.9,27.6,0.6,29,0.3
1993/3/27,20.9,0,25.9,0.8,27.7,0.8,29.1,0.4
1993/3/28,20.8,0.1,25.6,0.6,27.4,0.6,29.1,0.4
1993/3/29,21,0.4,25.5,0.5,27.4,0.6,29.1,0.4
1993/3/30,20.3,-0.2,25.6,0.7,27.7,0.9,29.1,0.5
1993/3/31,20.7,0.3,25.5,0.6,27.5,0.8,29.2,0.5
1993/4/1,20.9,0.5,25.3,0.4,27.3,0.5,29.1,0.4
1993/4/2,21,0.5,25.2,0.3,27,0.3,29,0.4
1993/4/3,21,0.5,25.1,0.2,26.9,0.2,29.1,0.4
1993/4/4,20.5,-0.1,24.8,-0.1,26.8,0.1,29,0.3
1993/4/5,20.2,-0.6,24.7,-0.2,26.8,0.1,29.1,0.4
1993/4/6,20.5,-0.4,25,0.1,27,0.3,29.1,0.5
1993/4/7,21,0,25,0.1,27.2,0.5,29.3,0.7
1993/4/8,21.5,0.3,25.2,0.2,27.1,0.4,29.2,0.6
1993/4/9,21.5,0.2,25.1,0.1,27,0.4,29.2,0.6
1993/4/10,21,-0.5,25.2,0.2,27.2,0.5,29.3,0.7
1993/4/11,21.1,-0.7,25.1,0.1,26.9,0.3,29.1,0.5
1993/4/12,20.7,-1.4,24.9,-0.1,26.8,0.2,28.9,0.4
1993/4/13,21.5,-0.9,24.9,-0.2,26.5,-0.1,28.6,0.1
1993/4/14,21.8,-0.8,24.8,-0.3,26.5,-0.1,28.8,0.4
1993/4/15,22.4,-0.6,24.9,-0.3,26.4,-0.2,28.6,0.2
1993/4/16,22.7,-0.6,25,-0.3,26.4,-0.1,28.6,0.2
1993/4/17,23.3,-0.4,25,-0.4,26.3,-0.3,28.4,0.1
1993/4/18,23.7,-0.4,24.8,-0.7,26,-0.6,28.3,0
1993/4/19,24.1,-0.4,25,-0.6,26,-0.6,28.1,-0.2
1993/4/20,24.2,-0.6,25.3,-0.5,26.4,-0.2,28.2,0
1993/4/21,24.8,-0.5,25.1,-0.9,26.1,-0.5,28.1,0
1993/4/22,25.4,-0.2,25.5,-0.7,26.2,-0.5,28.1,-0.1
1993/4/23,25.9,-0.1,25.9,-0.4,26.4,-0.3,28.1,0
1993/4/24,25.6,-0.6,26.2,-0.3,26.3,-0.5,27.9,-0.1
1993/4/25,25.8,-0.4,26.5,-0.2,26.6,-0.3,27.9,-0.2
1993/4/26,26.7,0.4,27,0.1,26.9,-0.1,27.9,-0.2
1993/4/27,27,0.5,27.1,0,26.8,-0.3,27.7,-0.4
1993/4/28,26.6,0.2,27.6,0.4,27.1,-0.1,28,-0.2
1993/4/29,25.6,-0.5,27.6,0.3,27.3,-0.1,28.1,-0.2
1993/4/30,25,-0.9,27.3,0,27.6,0.1,28.3,0
1993/5/1,24.8,-0.9,27.5,0,27.7,0,28.5,0.1
1993/5/2,24.6,-0.8,27.5,0,27.7,-0.1,28.5,0
1993/5/3,24.5,-0.6,27.3,-0.1,27.7,-0.1,28.4,-0.1
1993/5/4,23.6,-1.2,26.9,-0.4,27.8,0,28.7,0
1993/5/5,22.9,-1.6,26.7,-0.5,27.7,-0.1,28.7,0
1993/5/6,23.2,-1.1,26.5,-0.6,27.5,-0.4,28.6,-0.2
1993/5/7,22.3,-1.6,25.9,-1,27.4,-0.4,28.7,-0.1
1993/5/8,21.5,-2.1,25.9,-0.9,27.5,-0.2,28.8,0
1993/5/9,22,-1.3,25.9,-0.8,27.5,-0.2,28.8,0
1993/5/10,21.9,-1.1,25.9,-0.6,27.5,-0.2,28.8,-0.1
1993/5/11,21.1,-1.6,25.7,-0.7,27.3,-0.3,28.6,-0.2
1993/5/12,20.5,-1.9,25.6,-0.6,27.4,-0.1,28.8,0
1993/5/13,20.6,-1.5,25.4,-0.5,27.2,-0.2,28.8,0
1993/5/14,20.5,-1.3,25,-0.8,26.9,-0.4,28.8,0
1993/5/15,20.1,-1.5,24.8,-0.8,26.8,-0.4,28.7,-0.1
1993/5/16,20.3,-1.1,24.9,-0.6,26.8,-0.3,28.7,-0.1
1993/5/17,19.8,-1.3,24.6,-0.8,26.8,-0.2,28.7,0
1993/5/18,19.8,-1.1,24.5,-0.7,26.7,-0.3,28.6,-0.1
1993/5/19,19.6,-1.1,24.4,-0.7,26.4,-0.4,28.7,0
1993/5/20,19.9,-0.8,24.4,-0.6,26.4,-0.4,28.7,0
1993/5/21,19.4,-1.1,24.5,-0.5,26.7,-0.1,28.9,0.2
1993/5/22,19.6,-0.9,24.6,-0.3,26.8,0,28.8,0.1
1993/5/23,20,-0.4,24.7,-0.2,26.8,0,28.7,0
1993/5/24,19.9,-0.5,24.9,0.1,26.7,-0.1,28.6,-0.1
1993/5/25,20.1,-0.4,24.7,-0.2,26.5,-0.2,28.5,-0.1
1993/5/26,19.7,-0.9,24.6,-0.2,26.4,-0.3,28.7,0
1993/5/27,20.1,-0.7,24.6,-0.3,26.3,-0.3,28.6,0
1993/5/28,20.3,-0.5,24.8,-0.1,26.3,-0.4,28.6,-0.1
1993/5/29,20.5,-0.4,24.7,-0.2,26.3,-0.4,28.7,0.1
1993/5/30,20.5,-0.7,24.8,-0.1,26.5,-0.2,28.8,0.2
1993/5/31,21,-0.4,24.8,-0.1,26.6,0,28.9,0.3
1993/6/1,21.1,-0.4,24.7,-0.2,26.6,0,28.9,0.3
1993/6/2,21.3,-0.5,24.8,-0.2,26.7,0.1,28.9,0.3
1993/6/3,21.7,-0.4,24.9,-0.1,26.7,0.1,28.8,0.2
1993/6/4,22,-0.3,24.9,-0.2,26.8,0.2,28.8,0.3
1993/6/5,22.4,-0.2,25.1,0,26.6,0,28.7,0.2
1993/6/6,22.4,-0.5,25.2,0,26.5,-0.1,28.6,0.1
1993/6/7,22.8,-0.4,25.2,-0.1,26.4,-0.2,28.5,0.1
1993/6/8,23.7,0,25.2,-0.2,26.3,-0.3,28.2,-0.2
1993/6/9,24.2,0.1,25.1,-0.5,26,-0.5,28.2,-0.2
